cell_barcode,cell_type,label_int,n_genes
AAACATACAACCAC-1,CD4 T cells,0,781
AAACATTGAGCTAC-1,B cells,2,1352
AAACATTGATCAGC-1,CD4 T cells,0,1131
AAACCGTGCTTCCG-1,CD14+ Monocytes,1,960
AAACCGTGTATGCG-1,NK cells,4,522
AAACGCACTGGTAC-1,CD8 T cells,3,782
AAACGCTGACCAGT-1,CD8 T cells,3,783
AAACGCTGGTTCTT-1,CD8 T cells,3,790
AAACGCTGTAGCCA-1,CD4 T cells,0,533
AAACGCTGTTTCTG-1,FCGR3A+ Monocytes,5,550
AAACTTGAAAAACG-1,B cells,2,1116
AAACTTGATCCAGA-1,CD4 T cells,0,751
AAAGAGACGAGATA-1,CD4 T cells,0,866
AAAGAGACGCGAGA-1,CD14+ Monocytes,1,1059
AAAGAGACGGACTT-1,CD8 T cells,3,458
AAAGAGACGGCATT-1,CD4 T cells,0,335
AAAGCAGATATCGG-1,CD14+ Monocytes,1,1424
AAAGCCTGTATGCG-1,CD4 T cells,0,1014
AAAGGCCTGTCTAG-1,B cells,2,1446
AAAGTTTGATCACG-1,B cells,2,446
AAAGTTTGGGGTGA-1,B cells,2,1020
AAAGTTTGTAGAGA-1,CD4 T cells,0,417
AAAGTTTGTAGCGT-1,CD14+ Monocytes,1,878
AAATCAACAATGCC-1,B cells,2,789
AAATCAACACCAGT-1,CD4 T cells,0,510
AAATCAACCAGGAG-1,CD4 T cells,0,824
AAATCAACCCTATT-1,CD4 T cells,0,1545
AAATCAACGGAAGC-1,CD4 T cells,0,996
AAATCAACTCGCAA-1,CD4 T cells,0,937
AAATCATGACCACA-1,FCGR3A+ Monocytes,5,1368
AAATCCCTCCACAA-1,CD8 T cells,3,428
AAATCCCTGCTATG-1,B cells,2,406
AAATGTTGAACGAA-1,CD14+ Monocytes,1,1020
AAATGTTGCCACAA-1,CD4 T cells,0,786
AAATGTTGTGGCAT-1,CD14+ Monocytes,1,1019
AAATTCGAAGGTTC-1,CD4 T cells,0,750
AAATTCGAATCACG-1,CD14+ Monocytes,1,822
AAATTCGAGCTGAT-1,FCGR3A+ Monocytes,5,982
AAATTCGAGGAGTG-1,CD4 T cells,0,876
AAATTCGATTCTCA-1,CD8 T cells,3,930
AAATTGACACGACT-1,CD8 T cells,3,838
AAATTGACTCGCTC-1,CD8 T cells,3,1014
AACAAACTCATTTC-1,CD4 T cells,0,732
AACAAACTTTCGTT-1,CD4 T cells,0,877
AACAATACGACGAG-1,CD4 T cells,0,782
AACACGTGCAGAGG-1,CD4 T cells,0,787
AACACGTGGAAAGT-1,CD4 T cells,0,791
AACACGTGGAACCT-1,CD14+ Monocytes,1,880
AACACGTGGCTACA-1,CD4 T cells,0,801
AACACGTGTACGAC-1,FCGR3A+ Monocytes,5,1215
AACAGCACAAGAGT-1,CD14+ Monocytes,1,343
AACATTGATGGGAG-1,FCGR3A+ Monocytes,5,1460
AACCAGTGATACCG-1,FCGR3A+ Monocytes,5,1250
AACCCAGATCGCTC-1,CD4 T cells,0,756
AACCGATGCTCCCA-1,CD4 T cells,0,836
AACCGATGGTCATG-1,B cells,2,824
AACCGATGTTCTAC-1,CD14+ Monocytes,1,827
AACCGCCTAGCGTT-1,CD4 T cells,0,1238
AACCGCCTCTACGA-1,CD14+ Monocytes,1,1243
AACCTACTGTGAGG-1,CD14+ Monocytes,1,1652
AACCTACTGTGTTG-1,CD4 T cells,0,843
AACCTTACGAGACG-1,CD4 T cells,0,825
AACCTTACGCGAGA-1,NK cells,4,656
AACCTTACTAACGC-1,FCGR3A+ Monocytes,5,776
AACCTTTGGACGGA-1,CD4 T cells,0,766
AACCTTTGTACGCA-1,FCGR3A+ Monocytes,5,1465
AACGCAACAAGTAG-1,CD4 T cells,0,790
AACGCATGACCCAA-1,CD4 T cells,0,871
AACGCATGCCTTCG-1,CD4 T cells,0,803
AACGCATGTACTTC-1,CD4 T cells,0,965
AACGCCCTCGGGAA-1,CD4 T cells,0,800
AACGCCCTCGTACA-1,NK cells,4,876
AACGCCCTGGCATT-1,CD4 T cells,0,690
AACGTCGAGTATCG-1,NK cells,4,988
AACGTGTGAAAGCA-1,CD4 T cells,0,906
AACGTGTGGCGGAA-1,B cells,2,741
AACGTGTGTCCAAG-1,CD4 T cells,0,620
AACGTGTGTGCTTT-1,CD4 T cells,0,867
AACTACCTTAGAGA-1,CD4 T cells,0,916
AACTCACTCAAGCT-1,CD14+ Monocytes,1,969
AACTCACTTGGAGG-1,CD14+ Monocytes,1,803
AACTCGGAAAGTGA-1,CD8 T cells,3,732
AACTCGGAAGGTCT-1,CD14+ Monocytes,1,555
AACTCTTGCAGGAG-1,CD4 T cells,0,790
AACTGTCTCCCTTG-1,CD14+ Monocytes,1,862
AACTTGCTACGCTA-1,B cells,2,900
AACTTGCTGGGACA-1,CD4 T cells,0,674
AAGAACGAGTGTTG-1,CD4 T cells,0,397
AAGAAGACGTAGGG-1,B cells,2,663
AAGACAGAAGTCTG-1,B cells,2,563
AAGACAGAGGATCT-1,CD4 T cells,0,786
AAGACAGATTACCT-1,CD14+ Monocytes,1,859
AAGAGATGGGTAGG-1,B cells,2,568
AAGATGGAAAACAG-1,B cells,2,412
AAGATGGAGAACTC-1,CD14+ Monocytes,1,1043
AAGATGGAGATAAG-1,CD14+ Monocytes,1,1206
AAGATTACAACCTG-1,CD4 T cells,0,702
AAGATTACAGATCC-1,CD14+ Monocytes,1,1263
AAGATTACCCGTTC-1,CD14+ Monocytes,1,929
AAGATTACCGCCTT-1,Dendritic cells,6,1079
AAGATTACCTCAAG-1,NK cells,4,938
AAGATTACTCCTCG-1,CD14+ Monocytes,1,316
AAGCAAGAGCGAGA-1,CD4 T cells,0,900
AAGCAAGAGCTTAG-1,CD8 T cells,3,919
AAGCAAGAGGTGTT-1,NK cells,4,862
AAGCACTGAGCAAA-1,B cells,2,903
AAGCACTGCATACG-1,CD8 T cells,3,390
AAGCACTGGTTCTT-1,B cells,2,1717
AAGCCAACGTGTTG-1,CD4 T cells,0,819
AAGCCATGAACTGC-1,Dendritic cells,6,1877
AAGCCATGACACGT-1,CD14+ Monocytes,1,660
AAGCCATGCGTGAT-1,CD4 T cells,0,791
AAGCCATGTCTCGC-1,CD4 T cells,0,478
AAGCCTGACATGCA-1,CD4 T cells,0,769
AAGCCTGACCGAAT-1,CD14+ Monocytes,1,481
AAGCGACTCCTCAC-1,FCGR3A+ Monocytes,5,819
AAGCGACTGTGTCA-1,CD4 T cells,0,866
AAGCGACTTACAGC-1,B cells,2,600
AAGCGACTTTGACG-1,FCGR3A+ Monocytes,5,1185
AAGCGTACGTCTTT-1,CD4 T cells,0,650
AAGGCTTGCGAACT-1,CD8 T cells,3,775
AAGGTCACGGTTAC-1,CD14+ Monocytes,1,699
AAGGTCACTGTTTC-1,B cells,2,642
AAGGTCACTTCCCG-1,CD8 T cells,3,857
AAGGTCTGACAGTC-1,CD4 T cells,0,832
AAGGTCTGCAGATC-1,CD4 T cells,0,388
AAGTAACTCTGAAC-1,CD14+ Monocytes,1,710
AAGTAACTGAGATA-1,B cells,2,341
AAGTAGGATACAGC-1,NK cells,4,894
AAGTATACCGAACT-1,CD4 T cells,0,935
AAGTCCGACTTGTT-1,CD4 T cells,0,604
AAGTCCGATAGAAG-1,CD4 T cells,0,1008
AAGTCTCTAGTCGT-1,CD4 T cells,0,985
AAGTCTCTCGGAGA-1,CD8 T cells,3,679
AAGTGGCTTGGAGG-1,B cells,2,603
AAGTTCCTCATTCT-1,CD14+ Monocytes,1,864
AAGTTCCTTCTTAC-1,CD4 T cells,0,1031
AATAAGCTCGAATC-1,CD4 T cells,0,887
AATAAGCTCGTTGA-1,CD4 T cells,0,603
AATACCCTGGACGA-1,B cells,2,610
AATACCCTGGCATT-1,CD4 T cells,0,1119
AATACTGAAAGGGC-1,CD8 T cells,3,669
AATACTGAATTGGC-1,NK cells,4,794
AATAGGGAACCCTC-1,B cells,2,963
AATAGGGAGAATGA-1,CD8 T cells,3,756
AATCAAACTATCGG-1,CD8 T cells,3,637
AATCCGGAATGCTG-1,B cells,2,1032
AATCCTACCGGTAT-1,CD4 T cells,0,776
AATCCTTGACGGGA-1,CD14+ Monocytes,1,860
AATCCTTGGTGAGG-1,NK cells,4,825
AATCGGTGGAACTC-1,CD8 T cells,3,852
AATCGGTGTGCTTT-1,CD4 T cells,0,745
AATCTAGAAAAGTG-1,CD4 T cells,0,858
AATCTAGAATCGGT-1,CD8 T cells,3,925
AATCTCACAGCCTA-1,CD14+ Monocytes,1,1228
AATCTCACTCTAGG-1,CD4 T cells,0,806
AATCTCTGAACAGA-1,CD4 T cells,0,715
AATCTCTGCTTTAC-1,NK cells,4,668
AATGATACACCAAC-1,CD8 T cells,3,779
AATGATACGGTCAT-1,CD14+ Monocytes,1,1197
AATGCGTGACACCA-1,B cells,2,888
AATGCGTGGACGGA-1,Dendritic cells,6,1273
AATGCGTGGCTATG-1,B cells,2,873
AATGGAGAATCGTG-1,CD14+ Monocytes,1,847
AATGGAGATCCTTA-1,CD8 T cells,3,781
AATGGCTGACACCA-1,B cells,2,959
AATGGCTGCGTGAT-1,CD4 T cells,0,805
AATGGCTGTAAAGG-1,CD8 T cells,3,554
AATGGCTGTACTCT-1,CD8 T cells,3,604
AATGGCTGTGAAGA-1,CD4 T cells,0,785
AATGTAACGGTGGA-1,CD4 T cells,0,978
AATGTCCTCTTCTA-1,CD4 T cells,0,910
AATGTTGACAGTCA-1,CD4 T cells,0,936
AATGTTGAGTTGAC-1,CD14+ Monocytes,1,997
AATGTTGATCTACT-1,CD4 T cells,0,961
AATTACGAATTCCT-1,Dendritic cells,6,1314
AATTACGACTTCTA-1,CD4 T cells,0,799
AATTACGAGTGAGG-1,CD4 T cells,0,1112
AATTACGATTGGCA-1,B cells,2,677
AATTCCTGCTCAGA-1,B cells,2,775
AATTGATGTCGCAA-1,FCGR3A+ Monocytes,5,1298
AATTGTGACTTGGA-1,B cells,2,657
ACAAAGGAGGGTGA-1,CD4 T cells,0,626
ACAAATTGATTCTC-1,FCGR3A+ Monocytes,5,1313
ACAAATTGCTCAGA-1,CD14+ Monocytes,1,467
ACAAATTGTTGCGA-1,NK cells,4,936
ACAACCGAGGGATG-1,NK cells,4,977
ACAACCGAGTTACG-1,CD4 T cells,0,780
ACAAGAGAAGTCGT-1,CD14+ Monocytes,1,1311
ACAAGAGACTTATC-1,CD4 T cells,0,432
ACAAGAGAGTTGAC-1,B cells,2,579
ACAATCCTAACCGT-1,CD4 T cells,0,850
ACAATCCTTAGCGT-1,B cells,2,736
ACAATTGACTGACA-1,CD8 T cells,3,800
ACAATTGATGACTG-1,NK cells,4,892
ACACAGACCATACG-1,CD8 T cells,3,860
ACACCAGAGGGCAA-1,CD8 T cells,3,720
ACACCCTGGTGTTG-1,NK cells,4,822
ACACGAACAGTTCG-1,CD4 T cells,0,681
ACACGATGACGCAT-1,CD8 T cells,3,954
ACACGATGATGTGC-1,CD14+ Monocytes,1,889
ACACGATGTCGTAG-1,CD8 T cells,3,1265
ACACGATGTGGTCA-1,CD8 T cells,3,919
ACAGACACGGCATT-1,CD4 T cells,0,799
ACAGACACGTTGTG-1,CD4 T cells,0,833
ACAGCAACACCTAG-1,CD14+ Monocytes,1,496
ACAGCAACCTCAAG-1,FCGR3A+ Monocytes,5,1476
ACAGGTACCCCACT-1,CD4 T cells,0,848
ACAGGTACGCTGTA-1,CD8 T cells,3,869
ACAGGTACTGGTGT-1,NK cells,4,1059
ACAGTCGACCCAAA-1,CD4 T cells,0,490
ACAGTCGACCGATA-1,CD8 T cells,3,897
ACAGTGACTCACCC-1,CD8 T cells,3,832
ACAGTGACTCTATC-1,CD8 T cells,3,864
ACAGTGTGGTCACA-1,CD4 T cells,0,419
ACAGTGTGTTGCGA-1,CD14+ Monocytes,1,856
ACATCACTCTACTT-1,CD14+ Monocytes,1,907
ACATGGTGAAGCCT-1,CD4 T cells,0,791
ACATGGTGCAACCA-1,B cells,2,756
ACATGGTGCGAGTT-1,CD4 T cells,0,771
ACATTCTGGCATAC-1,CD4 T cells,0,957
ACATTCTGGGAACG-1,CD14+ Monocytes,1,1190
ACCAACGACATGCA-1,CD4 T cells,0,680
ACCACAGAAAGTAG-1,CD4 T cells,0,524
ACCACAGAGTTGGT-1,CD4 T cells,0,908
ACCACCTGTGTGCA-1,CD4 T cells,0,506
ACCACGCTACAGCT-1,CD4 T cells,0,851
ACCACGCTACCCAA-1,CD8 T cells,3,775
ACCACGCTGCGAGA-1,CD4 T cells,0,793
ACCACGCTGCTGTA-1,CD4 T cells,0,748
ACCAGCCTGACAGG-1,CD4 T cells,0,951
ACCAGTGAACGGTT-1,B cells,2,643
ACCAGTGAATACCG-1,FCGR3A+ Monocytes,5,1277
ACCAGTGAGGGATG-1,CD4 T cells,0,828
ACCAGTGATGACTG-1,CD14+ Monocytes,1,480
ACCATTACCTTCTA-1,CD4 T cells,0,969
ACCATTACGAGATA-1,CD4 T cells,0,1112
ACCATTTGTCATTC-1,CD4 T cells,0,648
ACCCAAGAACTGTG-1,CD8 T cells,3,805
ACCCAAGAATTCCT-1,FCGR3A+ Monocytes,5,1223
ACCCAAGAGGACAG-1,CD4 T cells,0,1023
ACCCAAGATTCACT-1,B cells,2,669
ACCCACTGCGCCTT-1,CD14+ Monocytes,1,489
ACCCACTGGACAGG-1,CD4 T cells,0,390
ACCCACTGGTTCAG-1,Megakaryocytes,7,350
ACCCACTGTCGTAG-1,CD14+ Monocytes,1,1113
ACCCAGCTCAGAAA-1,CD4 T cells,0,837
ACCCAGCTGTTAGC-1,CD14+ Monocytes,1,1547
ACCCAGCTTGCTTT-1,CD4 T cells,0,840
ACCCGTTGATGACC-1,B cells,2,581
ACCCGTTGCTGCAA-1,CD4 T cells,0,748
ACCCGTTGCTTCTA-1,Dendritic cells,6,1861
ACCCTCGACCTATT-1,CD4 T cells,0,735
ACCCTCGACGGTAT-1,B cells,2,488
ACCCTCGATAAGGA-1,CD14+ Monocytes,1,1016
ACCCTCGATCAAGC-1,CD14+ Monocytes,1,585
ACCGTGCTACCAGT-1,CD4 T cells,0,797
ACCGTGCTGGAACG-1,B cells,2,769
ACCTATTGCTGAGT-1,B cells,2,490
ACCTATTGTGCCCT-1,FCGR3A+ Monocytes,5,1307
ACCTCCGAGTCCTC-1,CD4 T cells,0,895
ACCTCCGATATGCG-1,CD4 T cells,0,686
ACCTCCGATGCTGA-1,CD4 T cells,0,602
ACCTCGTGAACCAC-1,CD8 T cells,3,772
ACCTGAGATATCGG-1,Megakaryocytes,7,704
ACCTGGCTAAGTAG-1,NK cells,4,892
ACCTTTGACTCCCA-1,CD14+ Monocytes,1,1169
ACCTTTGAGGAACG-1,CD14+ Monocytes,1,1375
ACCTTTGAGGAAGC-1,FCGR3A+ Monocytes,5,1189
ACGAACACCTTGTT-1,NK cells,4,892
ACGAACTGGCTATG-1,Megakaryocytes,7,2455
ACGAAGCTCTCCAC-1,CD4 T cells,0,355
ACGAAGCTCTGAGT-1,B cells,2,1856
ACGACCCTATCTCT-1,FCGR3A+ Monocytes,5,1317
ACGACCCTGATGAA-1,CD8 T cells,3,703
ACGACCCTTGACAC-1,B cells,2,825
ACGACCCTTGACCA-1,CD4 T cells,0,736
ACGAGGGACAGGAG-1,Dendritic cells,6,1997
ACGAGGGACGAACT-1,CD4 T cells,0,892
ACGAGGGATGTAGC-1,CD4 T cells,0,1034
ACGAGTACCCTAAG-1,B cells,2,545
ACGAGTACGAATCC-1,B cells,2,1188
ACGATCGAGGACTT-1,NK cells,4,659
ACGATCGAGTCACA-1,CD14+ Monocytes,1,1056
ACGATGACAATGCC-1,CD4 T cells,0,819
ACGATGACTGGTCA-1,CD4 T cells,0,979
ACGATTCTACGGGA-1,CD4 T cells,0,632
ACGCAATGGTTCAG-1,NK cells,4,598
ACGCACCTGTTAGC-1,B cells,2,690
ACGCCACTGAACTC-1,CD14+ Monocytes,1,310
ACGCCGGAAACCAC-1,CD14+ Monocytes,1,803
ACGCCGGAAAGCCT-1,CD4 T cells,0,743
ACGCCGGAAATGCC-1,CD4 T cells,0,560
ACGCCTTGCTCCCA-1,FCGR3A+ Monocytes,5,1073
ACGCGGTGGCGAGA-1,CD4 T cells,0,844
ACGCGGTGTGTGGT-1,B cells,2,882
ACGCGGTGTTTGCT-1,CD8 T cells,3,841
ACGCTCACAGTACC-1,CD4 T cells,0,815
ACGCTCACCCTTGC-1,CD4 T cells,0,771
ACGCTGCTGTTCTT-1,NK cells,4,976
ACGGAACTCAGATC-1,NK cells,4,986
ACGGAACTGTCGTA-1,FCGR3A+ Monocytes,5,820
ACGGAGGACTCTTA-1,CD14+ Monocytes,1,957
ACGGATTGGGAGGT-1,B cells,2,640
ACGGATTGGTTAGC-1,CD4 T cells,0,1012
ACGGCTCTGAGCAG-1,CD4 T cells,0,927
ACGGCTCTTGCACA-1,CD4 T cells,0,794
ACGGTAACCGCTAA-1,CD4 T cells,0,753
ACGGTAACCTTCGC-1,CD8 T cells,3,791
ACGGTAACGGTGGA-1,CD4 T cells,0,366
ACGGTAACTCGCAA-1,CD8 T cells,3,539
ACGGTATGAGTCGT-1,CD14+ Monocytes,1,752
ACGGTATGGGTATC-1,B cells,2,769
ACGGTATGGTTGTG-1,B cells,2,650
ACGGTCCTAACGGG-1,CD4 T cells,0,947
ACGGTCCTCGGGAA-1,CD4 T cells,0,771
ACGTAGACAACCAC-1,CD4 T cells,0,824
ACGTAGACTACAGC-1,B cells,2,744
ACGTCAGAAACGAA-1,CD4 T cells,0,837
ACGTCAGAGAGCTT-1,CD14+ Monocytes,1,723
ACGTCAGAGGGATG-1,CD4 T cells,0,640
ACGTCCTGATAAGG-1,CD14+ Monocytes,1,923
ACGTCCTGTGAACC-1,CD14+ Monocytes,1,1174
ACGTCGCTCCTGAA-1,NK cells,4,1597
ACGTCGCTCTATTC-1,CD14+ Monocytes,1,699
ACGTCGCTTCTCAT-1,B cells,2,618
ACGTGATGCCATGA-1,Dendritic cells,6,1418
ACGTGATGGGTCTA-1,CD4 T cells,0,820
ACGTGATGTAACCG-1,FCGR3A+ Monocytes,5,1047
ACGTGATGTGACAC-1,NK cells,4,981
ACGTGCCTCCGTAA-1,CD4 T cells,0,866
ACGTGCCTTCTATC-1,CD8 T cells,3,527
ACGTTACTTTCCAT-1,CD4 T cells,0,762
ACGTTGGAAAAGCA-1,CD4 T cells,0,717
ACGTTGGAAACCTG-1,CD8 T cells,3,860
ACGTTGGACCGTAA-1,CD14+ Monocytes,1,603
ACGTTGGAGCCAAT-1,NK cells,4,828
ACGTTGGATATGGC-1,B cells,2,476
ACGTTGGATCAGGT-1,CD14+ Monocytes,1,1071
ACGTTTACATCAGC-1,CD4 T cells,0,775
ACTAAAACCCACAA-1,CD8 T cells,3,614
ACTAAAACTCGACA-1,CD14+ Monocytes,1,913
ACTACGGAATTTCC-1,CD4 T cells,0,836
ACTACGGACCTATT-1,CD4 T cells,0,669
ACTACGGATCGCTC-1,CD4 T cells,0,942
ACTACTACTAAGGA-1,CD4 T cells,0,792
ACTAGGTGGAACCT-1,CD8 T cells,3,871
ACTAGGTGGAACTC-1,CD4 T cells,0,1046
ACTATCACCTTGGA-1,CD8 T cells,3,859
ACTATCACTGCCAA-1,CD4 T cells,0,793
ACTCAGGACTGAAC-1,CD4 T cells,0,822
ACTCAGGATCTATC-1,B cells,2,751
ACTCAGGATTCGTT-1,CD14+ Monocytes,1,435
ACTCCTCTCAACTG-1,CD4 T cells,0,1142
ACTCGCACGAAAGT-1,CD14+ Monocytes,1,781
ACTCGCACTACGAC-1,CD14+ Monocytes,1,718
ACTCTCCTGACACT-1,CD4 T cells,0,471
ACTCTCCTGCATAC-1,CD4 T cells,0,1750
ACTCTCCTGTTTGG-1,CD4 T cells,0,892
ACTGAGACAACCAC-1,CD8 T cells,3,841
ACTGAGACCCATAG-1,FCGR3A+ Monocytes,5,1156
ACTGAGACGTTGGT-1,B cells,2,1031
ACTGCCACACACGT-1,CD8 T cells,3,912
ACTGCCACTCCGTC-1,NK cells,4,873
ACTGGCCTTCAGTG-1,NK cells,4,824
ACTGTGGACGTGTA-1,CD8 T cells,3,1233
ACTGTGGATCTAGG-1,B cells,2,1312
ACTGTTACCCACAA-1,CD14+ Monocytes,1,575
ACTGTTACTGCAGT-1,CD4 T cells,0,605
ACTTAAGAACCACA-1,CD4 T cells,0,717
ACTTAAGATTACTC-1,Dendritic cells,6,1019
ACTTAGCTGCGTAT-1,FCGR3A+ Monocytes,5,1215
ACTTAGCTGGGAGT-1,CD4 T cells,0,928
ACTTCAACAAGCAA-1,CD8 T cells,3,1780
ACTTCAACGTAGGG-1,NK cells,4,657
ACTTCCCTTTCCGC-1,CD4 T cells,0,718
ACTTCTGACATGCA-1,B cells,2,646
ACTTGACTCCACAA-1,B cells,2,808
ACTTGGGAGAAAGT-1,CD14+ Monocytes,1,1120
ACTTGGGAGGTTTG-1,CD4 T cells,0,750
ACTTGGGATGTGAC-1,FCGR3A+ Monocytes,5,390
ACTTGGGATTGACG-1,CD14+ Monocytes,1,1100
ACTTGTACCTGTCC-1,CD4 T cells,0,456
ACTTTGTGGAAAGT-1,CD4 T cells,0,755
ACTTTGTGGATAGA-1,CD14+ Monocytes,1,1118
AGAAACGAAAGTAG-1,B cells,2,571
AGAAAGTGCGCAAT-1,CD8 T cells,3,867
AGAAAGTGGGGATG-1,CD14+ Monocytes,1,728
AGAACAGAAATGCC-1,NK cells,4,916
AGAACAGACGACTA-1,B cells,2,491
AGAACAGAGACAAA-1,CD4 T cells,0,960
AGAACGCTTTGCTT-1,CD4 T cells,0,625
AGAAGATGTGACTG-1,CD4 T cells,0,1090
AGAATGGAAGAAGT-1,CD8 T cells,3,772
AGAATTTGTAACCG-1,CD4 T cells,0,968
AGAATTTGTAGAGA-1,CD4 T cells,0,480
AGACACACTGTAGC-1,CD4 T cells,0,810
AGACACTGTCAAGC-1,CD14+ Monocytes,1,725
AGACCTGAAGTAGA-1,CD14+ Monocytes,1,1016
AGACCTGACCAACA-1,CD4 T cells,0,1011
AGACCTGAGGAAGC-1,CD8 T cells,3,1075
AGACGTACAGAGGC-1,CD4 T cells,0,808
AGACGTACCCCTAC-1,B cells,2,672
AGACGTACCTCTTA-1,Dendritic cells,6,950
AGACGTACTCGTGA-1,FCGR3A+ Monocytes,5,862
AGACTGACCATCAG-1,CD8 T cells,3,766
AGACTGACCCTTTA-1,CD4 T cells,0,963
AGACTTCTCATGCA-1,B cells,2,507
AGAGATGACAGTCA-1,B cells,2,570
AGAGATGACTGAAC-1,CD4 T cells,0,678
AGAGATGAGGTTTG-1,CD14+ Monocytes,1,768
AGAGATGATCTCGC-1,B cells,2,1037
AGAGATGATTGTGG-1,CD4 T cells,0,885
AGAGCGGAGGCAAG-1,CD14+ Monocytes,1,1426
AGAGTCTGGTCGTA-1,FCGR3A+ Monocytes,5,1496
AGAGTGCTCAGCTA-1,CD4 T cells,0,587
AGAGTGCTCGAATC-1,CD4 T cells,0,879
AGAGTGCTGTCATG-1,CD4 T cells,0,924
AGAGTGCTGTCCTC-1,CD8 T cells,3,783
AGAGTGCTGTGTTG-1,B cells,2,696
AGATATACCCGTAA-1,NK cells,4,1057
AGATATACGATGAA-1,CD4 T cells,0,783
AGATATACTGTTCT-1,B cells,2,867
AGATATTGCCTACC-1,CD8 T cells,3,919
AGATATTGGCCAAT-1,CD14+ Monocytes,1,1251
AGATCGTGTCTGGA-1,CD14+ Monocytes,1,1023
AGATCGTGTTTGTC-1,B cells,2,727
AGATCTCTATCACG-1,B cells,2,645
AGATTAACGTTCTT-1,FCGR3A+ Monocytes,5,1217
AGATTCCTATCGTG-1,CD4 T cells,0,929
AGATTCCTCACTTT-1,CD14+ Monocytes,1,792
AGATTCCTGACGAG-1,CD14+ Monocytes,1,994
AGATTCCTGTTCAG-1,NK cells,4,1025
AGCAAAGATATGCG-1,CD4 T cells,0,946
AGCACAACAGTCTG-1,CD4 T cells,0,600
AGCACTGAGGGAGT-1,CD4 T cells,0,881
AGCACTGATATGCG-1,CD4 T cells,0,975
AGCACTGATGCTTT-1,Dendritic cells,6,1609
AGCACTGATTGCGA-1,CD4 T cells,0,758
AGCATCGAAGATCC-1,CD4 T cells,0,772
AGCATCGAAGGGTG-1,B cells,2,682
AGCATCGAGCTTCC-1,CD14+ Monocytes,1,998
AGCATCGAGTGAGG-1,CD4 T cells,0,979
AGCATCGATAACCG-1,CD14+ Monocytes,1,1045
AGCATGACGATGAA-1,CD8 T cells,3,706
AGCCAATGGGGAGT-1,FCGR3A+ Monocytes,5,808
AGCCAATGTATCTC-1,CD4 T cells,0,855
AGCCACCTGGATCT-1,CD8 T cells,3,819
AGCCGGTGCCAATG-1,CD4 T cells,0,1147
AGCCGGTGTGTTTC-1,CD4 T cells,0,742
AGCCGTCTCAATCG-1,CD4 T cells,0,914
AGCCGTCTGAGAGC-1,CD4 T cells,0,969
AGCCTCACGTTCGA-1,CD4 T cells,0,704
AGCCTCACTGTCAG-1,FCGR3A+ Monocytes,5,1398
AGCCTCTGCAGTTG-1,B cells,2,581
AGCCTCTGCCAATG-1,NK cells,4,809
AGCGAACTGGATCT-1,CD4 T cells,0,921
AGCGAACTTACTGG-1,CD4 T cells,0,805
AGCGATACGGAGCA-1,CD4 T cells,0,542
AGCGATTGAGATCC-1,NK cells,4,888
AGCGCCGAATCTCT-1,CD4 T cells,0,519
AGCGCCGACAGAGG-1,CD4 T cells,0,1092
AGCGCTCTACCTTT-1,CD4 T cells,0,762
AGCGGCACCGGGAA-1,CD4 T cells,0,698
AGCGGCTGATGTGC-1,CD4 T cells,0,752
AGCGGGCTTGCCAA-1,CD4 T cells,0,771
AGCGTAACATGCTG-1,CD4 T cells,0,899
AGCGTAACTGAGAA-1,CD14+ Monocytes,1,1101
AGCTCGCTACTGGT-1,CD4 T cells,0,760
AGCTCGCTCTGCTC-1,CD4 T cells,0,881
AGCTGAACCATACG-1,FCGR3A+ Monocytes,5,1124
AGCTGAACCTCTCG-1,CD4 T cells,0,809
AGCTGCCTTGGGAG-1,CD14+ Monocytes,1,445
AGCTGCCTTTCATC-1,CD4 T cells,0,1703
AGCTGCCTTTCTGT-1,CD4 T cells,0,789
AGCTGTGATCCAAG-1,CD4 T cells,0,641
AGCTTTACAAGTAG-1,CD4 T cells,0,819
AGCTTTACACCAAC-1,CD8 T cells,3,890
AGCTTTACTCTCAT-1,B cells,2,767
AGGAAATGAGGAGC-1,CD4 T cells,0,806
AGGAACCTCTTAGG-1,FCGR3A+ Monocytes,5,1323
AGGAACCTTGCCTC-1,CD8 T cells,3,942
AGGAATGATAACGC-1,CD4 T cells,0,807
AGGAATGATTTGTC-1,CD4 T cells,0,981
AGGAGTCTGGTTTG-1,CD4 T cells,0,888
AGGAGTCTTGTCAG-1,CD4 T cells,0,726
AGGATAGACATTTC-1,CD4 T cells,0,1190
AGGATAGAGGATTC-1,CD8 T cells,3,826
AGGATGCTACTAGC-1,B cells,2,661
AGGATGCTTTAGGC-1,NK cells,4,713
AGGCAACTGAAGGC-1,CD4 T cells,0,816
AGGCAGGAGTACCA-1,CD8 T cells,3,822
AGGCCTCTAGTCGT-1,CD4 T cells,0,806
AGGCCTCTCGGAGA-1,CD4 T cells,0,864
AGGCCTCTCGTAAC-1,CD4 T cells,0,464
AGGGACGACGTTGA-1,CD4 T cells,0,664
AGGGACGAGTCAAC-1,NK cells,4,931
AGGGACGAGTTGTG-1,CD4 T cells,0,860
AGGGACGATAGAGA-1,CD8 T cells,3,674
AGGGACGATGCATG-1,CD8 T cells,3,803
AGGGAGTGAGCCTA-1,CD4 T cells,0,464
AGGGCCACCATACG-1,CD4 T cells,0,788
AGGGCGCTAACCAC-1,CD14+ Monocytes,1,1068
AGGGCGCTATGGTC-1,CD4 T cells,0,781
AGGGTGGACAGTCA-1,B cells,2,843
AGGGTGGACTCAAG-1,CD14+ Monocytes,1,779
AGGGTGGAGTTGCA-1,CD8 T cells,3,873
AGGGTTTGTTCATC-1,CD14+ Monocytes,1,707
AGGTCATGAGTGTC-1,B cells,2,492
AGGTCATGCTTATC-1,CD8 T cells,3,669
AGGTCTGATTCTCA-1,CD14+ Monocytes,1,982
AGGTGGGAAGAATG-1,CD4 T cells,0,749
AGGTGGGAAGTTCG-1,CD4 T cells,0,789
AGGTGTTGGTTACG-1,B cells,2,780
AGGTTCGAACCTCC-1,CD14+ Monocytes,1,561
AGGTTCGAACGTAC-1,CD14+ Monocytes,1,655
AGGTTCGAGGGTGA-1,CD4 T cells,0,432
AGTAAGGAGTTTGG-1,CD4 T cells,0,801
AGTAAGGATTCTTG-1,CD4 T cells,0,945
AGTAATACATCACG-1,NK cells,4,770
AGTAATACCGAACT-1,B cells,2,503
AGTAATTGTCCCAC-1,CD4 T cells,0,766
AGTACGTGAGGGTG-1,CD4 T cells,0,776
AGTACGTGCTGCAA-1,CD4 T cells,0,970
AGTACGTGCTTGGA-1,CD4 T cells,0,989
AGTACTCTACGTGT-1,B cells,2,654
AGTACTCTCAACCA-1,CD8 T cells,3,762
AGTACTCTCGGTAT-1,CD8 T cells,3,882
AGTAGGCTTGCCTC-1,FCGR3A+ Monocytes,5,1236
AGTATAACTTGTCT-1,FCGR3A+ Monocytes,5,1499
AGTATCCTAGAACA-1,CD4 T cells,0,626
AGTCACGATGAGCT-1,NK cells,4,1380
AGTCAGACGAATAG-1,CD4 T cells,0,1170
AGTCAGACGCTTAG-1,CD4 T cells,0,491
AGTCAGACTAGAGA-1,CD8 T cells,3,833
AGTCAGACTGCACA-1,CD8 T cells,3,924
AGTCCAGATATCTC-1,CD4 T cells,0,581
AGTCCAGATTTCAC-1,CD4 T cells,0,842
AGTCGAACCAACCA-1,CD4 T cells,0,596
AGTCGCCTCCGTAA-1,CD4 T cells,0,811
AGTCTACTAGGGTG-1,CD14+ Monocytes,1,542
AGTCTACTTGCATG-1,FCGR3A+ Monocytes,5,1572
AGTCTTACACCACA-1,CD4 T cells,0,758
AGTCTTACTTCGCC-1,CD8 T cells,3,854
AGTCTTACTTCGGA-1,Megakaryocytes,7,274
AGTGACTGCAACTG-1,FCGR3A+ Monocytes,5,1413
AGTGTTCTAACCTG-1,CD4 T cells,0,872
AGTGTTCTATAAGG-1,CD4 T cells,0,559
AGTGTTCTCACTTT-1,CD14+ Monocytes,1,907
AGTTAAACCACTTT-1,CD4 T cells,0,951
AGTTATGAACAGTC-1,CD14+ Monocytes,1,1175
AGTTATGACTGAGT-1,CD4 T cells,0,946
AGTTATGAGTTCAG-1,CD4 T cells,0,905
AGTTCTACCAGCTA-1,CD14+ Monocytes,1,737
AGTTCTTGAAGCCT-1,CD8 T cells,3,604
AGTTGTCTACTACG-1,CD4 T cells,0,843
AGTTTAGATGGTCA-1,CD4 T cells,0,606
AGTTTCACGGTCTA-1,CD8 T cells,3,1079
AGTTTGCTACAGTC-1,CD4 T cells,0,668
AGTTTGCTACTGGT-1,CD8 T cells,3,785
AGTTTGCTCCAAGT-1,CD4 T cells,0,726
ATAAACACAGTGCT-1,B cells,2,978
ATAAACACCACCAA-1,CD4 T cells,0,941
ATAACAACATGCTG-1,CD14+ Monocytes,1,994
ATAACAACGTCTAG-1,CD4 T cells,0,655
ATAACAACTTTGTC-1,CD4 T cells,0,1013
ATAACATGTACTCT-1,CD4 T cells,0,987
ATAACCCTGTTGGT-1,CD8 T cells,3,591
ATAACCCTTGGTAC-1,CD4 T cells,0,1041
ATAAGTACGAATGA-1,B cells,2,625
ATAAGTTGGTACGT-1,FCGR3A+ Monocytes,5,582
ATAAGTTGTCTAGG-1,CD4 T cells,0,814
ATAATCGAGCTGAT-1,B cells,2,570
ATAATCGATGGTTG-1,CD4 T cells,0,775
ATAATGACCTACTT-1,CD4 T cells,0,822
ATAATGACTCGTGA-1,CD14+ Monocytes,1,715
ATACAATGTTAGGC-1,CD4 T cells,0,738
ATACCACTCGTACA-1,CD14+ Monocytes,1,956
ATACCACTCTAAGC-1,Dendritic cells,6,1178
ATACCACTGCCAAT-1,CD8 T cells,3,743
ATACCGGAATGCTG-1,Dendritic cells,6,1861
ATACCGGACATTTC-1,CD14+ Monocytes,1,841
ATACCGGACTTCGC-1,CD4 T cells,0,944
ATACCGGAGGTGTT-1,CD14+ Monocytes,1,783
ATACCGGATCTCGC-1,CD4 T cells,0,643
ATACCTACGCATCA-1,CD4 T cells,0,924
ATACCTTGGGGCAA-1,CD4 T cells,0,936
ATACGGACAGACTC-1,CD14+ Monocytes,1,431
ATACGGACCTACTT-1,CD14+ Monocytes,1,490
ATACGGACGAGGTG-1,B cells,2,532
ATACGGACTATGCG-1,B cells,2,524
ATACGGACTCTGGA-1,CD14+ Monocytes,1,620
ATACGTCTTAACGC-1,CD14+ Monocytes,1,749
ATACTCTGCTTCGC-1,CD14+ Monocytes,1,1334
ATACTCTGGTATGC-1,NK cells,4,834
ATAGATACCATGGT-1,CD4 T cells,0,790
ATAGATACGACGAG-1,CD4 T cells,0,702
ATAGATTGGTGTAC-1,B cells,2,892
ATAGCCGAACGGAG-1,CD4 T cells,0,693
ATAGCGTGCAGATC-1,CD4 T cells,0,784
ATAGCGTGCCCTTG-1,CD14+ Monocytes,1,944
ATAGCGTGGTATCG-1,CD14+ Monocytes,1,471
ATAGCGTGTCTCTA-1,CD4 T cells,0,839
ATAGCTCTCTGATG-1,CD4 T cells,0,529
ATAGCTCTGAGGTG-1,CD4 T cells,0,729
ATAGGAGAAACAGA-1,CD14+ Monocytes,1,1084
ATAGGCTGTCAGAC-1,CD4 T cells,0,802
ATAGTCCTAGTGTC-1,CD14+ Monocytes,1,886
ATAGTCCTTGCATG-1,CD8 T cells,3,815
ATAGTCCTTGTCGA-1,CD4 T cells,0,856
ATAGTTGACAACTG-1,CD4 T cells,0,746
ATAGTTGACCCTCA-1,FCGR3A+ Monocytes,5,1318
ATAGTTGAGACGTT-1,CD4 T cells,0,545
ATAGTTGATAAGCC-1,CD4 T cells,0,696
ATATACGAAGCCAT-1,CD4 T cells,0,872
ATATACGAATTGGC-1,CD4 T cells,0,1154
ATATAGTGGAATGA-1,CD14+ Monocytes,1,467
ATATGCCTAGATCC-1,CD14+ Monocytes,1,725
ATATGCCTGGACAG-1,CD4 T cells,0,1027
ATATGCCTTCTCTA-1,CD4 T cells,0,479
ATATGCCTTGGTAC-1,CD4 T cells,0,728
ATCAAATGAGCCTA-1,CD14+ Monocytes,1,926
ATCAAATGGGTAAA-1,FCGR3A+ Monocytes,5,1282
ATCAACCTAAACGA-1,CD4 T cells,0,907
ATCAACCTGAGGAC-1,CD4 T cells,0,833
ATCAACCTTCTCTA-1,CD8 T cells,3,1024
ATCAACCTTTGTCT-1,CD8 T cells,3,838
ATCACACTTTGTCT-1,CD4 T cells,0,900
ATCACGGATTTCGT-1,B cells,2,737
ATCATCTGACACCA-1,Megakaryocytes,7,367
ATCATGCTAGAGTA-1,CD8 T cells,3,459
ATCATGCTGAACCT-1,B cells,2,1030
ATCCAGGACGCTAA-1,FCGR3A+ Monocytes,5,1279
ATCCAGGATGGAAA-1,CD4 T cells,0,756
ATCCATACTCCTTA-1,CD14+ Monocytes,1,662
ATCCATACTTCATC-1,FCGR3A+ Monocytes,5,1323
ATCCCGTGCAGTCA-1,NK cells,4,1003
ATCCCGTGCATGCA-1,B cells,2,359
ATCCCGTGGCTGAT-1,B cells,2,770
ATCCGCACGCATCA-1,B cells,2,813
ATCCTAACGACGGA-1,B cells,2,634
ATCCTAACGCTACA-1,CD8 T cells,3,924
ATCGACGAAACTGC-1,CD14+ Monocytes,1,1184
ATCGACGAATGACC-1,CD4 T cells,0,901
ATCGAGTGGACGTT-1,CD8 T cells,3,816
ATCGCAGAATCTCT-1,FCGR3A+ Monocytes,5,1421
ATCGCAGAGTGTCA-1,B cells,2,771
ATCGCCACTGAGGG-1,CD8 T cells,3,706
ATCGCCTGGGTCAT-1,CD4 T cells,0,953
ATCGCCTGTGGCAT-1,B cells,2,348
ATCGCGCTCAGAGG-1,CD14+ Monocytes,1,716
ATCGCGCTGGGATG-1,CD4 T cells,0,870
ATCGCGCTTTTCGT-1,B cells,2,715
ATCGGAACCAGTCA-1,CD4 T cells,0,550
ATCGGTGAGTCAAC-1,CD4 T cells,0,689
ATCGGTGATTGCAG-1,CD4 T cells,0,947
ATCGTTTGCCTACC-1,CD14+ Monocytes,1,1157
ATCGTTTGGGTACT-1,CD14+ Monocytes,1,690
ATCGTTTGTGCCAA-1,CD14+ Monocytes,1,383
ATCTACACCCGCTT-1,CD14+ Monocytes,1,374
ATCTACACCGGGAA-1,CD4 T cells,0,882
ATCTCAACAGGAGC-1,B cells,2,697
ATCTCAACCTCGAA-1,CD4 T cells,0,246
ATCTCAACCTTGTT-1,CD14+ Monocytes,1,833
ATCTGGGAAACCAC-1,CD14+ Monocytes,1,1006
ATCTGGGAAGTGTC-1,CD14+ Monocytes,1,1181
ATCTGGGATTCCGC-1,CD8 T cells,3,974
ATCTGTTGAACGGG-1,CD4 T cells,0,856
ATCTGTTGACCTCC-1,CD4 T cells,0,978
ATCTGTTGCCTTCG-1,FCGR3A+ Monocytes,5,1551
ATCTGTTGGTTGCA-1,CD4 T cells,0,965
ATCTTGACACCAAC-1,CD4 T cells,0,907
ATCTTGACCTCCCA-1,CD14+ Monocytes,1,565
ATCTTTCTGCATCA-1,CD8 T cells,3,417
ATCTTTCTGTTTCT-1,CD8 T cells,3,907
ATCTTTCTTGTCCC-1,NK cells,4,927
ATGAAACTCTGTGA-1,CD8 T cells,3,966
ATGAAACTGAGGCA-1,CD4 T cells,0,658
ATGAAGGAACAGCT-1,CD8 T cells,3,727
ATGAAGGACCTGTC-1,B cells,2,743
ATGAAGGACCTTAT-1,B cells,2,381
ATGAAGGACTAGTG-1,B cells,2,385
ATGAAGGACTTGCC-1,NK cells,4,905
ATGACGTGACGACT-1,B cells,2,645
ATGACGTGATCGGT-1,FCGR3A+ Monocytes,5,1167
ATGAGAGAAAGTGA-1,CD4 T cells,0,936
ATGAGAGAACGCAT-1,CD4 T cells,0,724
ATGAGAGAAGTAGA-1,B cells,2,618
ATGAGCACACAGCT-1,CD4 T cells,0,1038
ATGAGCACATCTTC-1,CD4 T cells,0,853
ATGATAACTTCACT-1,NK cells,4,808
ATGATATGAAACAG-1,CD4 T cells,0,1403
ATGATATGACTGGT-1,CD4 T cells,0,762
ATGATATGAGCACT-1,CD4 T cells,0,741
ATGATATGGTCATG-1,CD4 T cells,0,687
ATGATATGGTGCTA-1,NK cells,4,932
ATGATATGTTGTCT-1,CD14+ Monocytes,1,1096
ATGCACGAATGTCG-1,B cells,2,601
ATGCACGACTGTAG-1,CD4 T cells,0,652
ATGCACGAGAACCT-1,B cells,2,895
ATGCACGAGTTCGA-1,CD4 T cells,0,682
ATGCACGATTGGTG-1,CD14+ Monocytes,1,1553
ATGCAGTGTTACCT-1,B cells,2,604
ATGCAGTGTTCTAC-1,CD4 T cells,0,823
ATGCCAGAACGACT-1,CD4 T cells,0,803
ATGCCAGACAGTCA-1,CD14+ Monocytes,1,646
ATGCCGCTTGAACC-1,CD14+ Monocytes,1,917
ATGCGATGCTATGG-1,CD14+ Monocytes,1,942
ATGCGATGCTGAGT-1,CD4 T cells,0,850
ATGCGATGGTTACG-1,B cells,2,795
ATGCGCCTTCATTC-1,CD4 T cells,0,771
ATGCTTTGCGAATC-1,CD4 T cells,0,949
ATGCTTTGGGCGAA-1,CD8 T cells,3,516
ATGCTTTGTAGTCG-1,B cells,2,664
ATGGACACATCGGT-1,CD4 T cells,0,1001
ATGGACACGCATCA-1,NK cells,4,637
ATGGGTACAACCTG-1,B cells,2,619
ATGGGTACATCGGT-1,NK cells,4,907
ATGGGTACTATTCC-1,CD4 T cells,0,961
ATGGGTACTGGGAG-1,CD4 T cells,0,812
ATGTAAACACCTCC-1,CD4 T cells,0,793
ATGTAAACCCGCTT-1,CD4 T cells,0,1043
ATGTAAACGGGATG-1,Dendritic cells,6,1343
ATGTAAACTCTCCG-1,CD8 T cells,3,1326
ATGTAAACTTCACT-1,CD14+ Monocytes,1,981
ATGTACCTCAGTCA-1,CD4 T cells,0,675
ATGTACCTTAGTCG-1,CD4 T cells,0,937
ATGTACCTTTATCC-1,CD14+ Monocytes,1,631
ATGTACCTTTCACT-1,CD8 T cells,3,1026
ATGTCACTAATGCC-1,CD14+ Monocytes,1,1135
ATGTCACTCTGCTC-1,CD4 T cells,0,499
ATGTCGGAGGTGAG-1,CD4 T cells,0,948
ATGTTCACAGTCTG-1,CD14+ Monocytes,1,801
ATGTTCACCGTAGT-1,CD4 T cells,0,848
ATGTTGCTTTCAGG-1,CD4 T cells,0,741
ATTAACGATGAGAA-1,NK cells,4,604
ATTAACGATGCAAC-1,CD8 T cells,3,864
ATTAAGACTGCAGT-1,CD4 T cells,0,1076
ATTACCTGCCTTAT-1,CD14+ Monocytes,1,1106
ATTACCTGGAGGAC-1,FCGR3A+ Monocytes,5,1111
ATTAGATGTTTCAC-1,CD4 T cells,0,624
ATTATGGAATCTCT-1,CD4 T cells,0,1008
ATTCAAGAACGGGA-1,CD4 T cells,0,908
ATTCAAGACCTTTA-1,CD4 T cells,0,815
ATTCAGCTCATTGG-1,Megakaryocytes,7,346
ATTCCAACCATTGG-1,CD14+ Monocytes,1,1062
ATTCCAACTTAGGC-1,NK cells,4,803
ATTCGACTCACTAG-1,CD8 T cells,3,749
ATTCGACTGAATAG-1,CD14+ Monocytes,1,779
ATTCGACTTTTGTC-1,FCGR3A+ Monocytes,5,1027
ATTCGGGAAAGGCG-1,CD14+ Monocytes,1,1032
ATTCGGGATTAGGC-1,CD4 T cells,0,1040
ATTCTTCTGATACC-1,CD4 T cells,0,654
ATTGAATGGACGGA-1,CD4 T cells,0,631
ATTGATGAAGGTTC-1,CD4 T cells,0,755
ATTGATGACTGAGT-1,CD4 T cells,0,854
ATTGATGAGCGAAG-1,CD4 T cells,0,850
ATTGATGATCTATC-1,CD4 T cells,0,798
ATTGCACTGACGGA-1,CD4 T cells,0,864
ATTGCACTGAGAGC-1,FCGR3A+ Monocytes,5,1078
ATTGCACTGGAGCA-1,CD14+ Monocytes,1,690
ATTGCACTTAGCCA-1,CD4 T cells,0,864
ATTGCACTTGCTTT-1,FCGR3A+ Monocytes,5,1523
ATTGCTTGTTACTC-1,B cells,2,838
ATTGGTCTGACTAC-1,B cells,2,966
ATTGGTCTTGTCTT-1,B cells,2,389
ATTGTAGATTCCCG-1,Dendritic cells,6,1654
ATTGTAGATTGCAG-1,CD4 T cells,0,808
ATTGTCTGCGTACA-1,CD4 T cells,0,885
ATTTAGGAACCATG-1,FCGR3A+ Monocytes,5,1665
ATTTAGGACAGAGG-1,CD4 T cells,0,920
ATTTCCGAGATGAA-1,CD4 T cells,0,855
ATTTCCGAGTGCTA-1,CD4 T cells,0,807
ATTTCGTGTATGGC-1,NK cells,4,859
ATTTCTCTACTTTC-1,FCGR3A+ Monocytes,5,1276
ATTTCTCTAGCAAA-1,CD4 T cells,0,987
ATTTCTCTCACTTT-1,FCGR3A+ Monocytes,5,1079
ATTTCTCTTCCCAC-1,CD4 T cells,0,678
ATTTGCACAAGATG-1,CD14+ Monocytes,1,626
CAAAGCACAGCTCA-1,CD4 T cells,0,831
CAAAGCACCGTAAC-1,B cells,2,829
CAAAGCACGGTAAA-1,NK cells,4,1009
CAAAGCTGAAAGTG-1,CD4 T cells,0,547
CAAAGCTGTTGCTT-1,CD14+ Monocytes,1,893
CAAATATGTGACAC-1,CD4 T cells,0,722
CAAATTGAGGGCAA-1,CD4 T cells,0,656
CAAATTGATGGAGG-1,CD14+ Monocytes,1,415
CAACCAGAAAAGTG-1,CD4 T cells,0,773
CAACCAGAAGTGCT-1,CD4 T cells,0,1262
CAACCAGAGTTCAG-1,CD14+ Monocytes,1,1218
CAACCAGATAGAAG-1,CD14+ Monocytes,1,365
CAACCGCTGTTCAG-1,CD4 T cells,0,661
CAACCGCTTTGAGC-1,CD4 T cells,0,805
CAACGATGCGCAAT-1,FCGR3A+ Monocytes,5,1409
CAACGTGACTCCAC-1,CD14+ Monocytes,1,1094
CAACGTGAGCCATA-1,CD8 T cells,3,779
CAACGTGATCAAGC-1,CD14+ Monocytes,1,898
CAAGAAGACCACAA-1,CD4 T cells,0,830
CAAGAAGACGTCTC-1,CD14+ Monocytes,1,1242
CAAGAAGATTCTAC-1,CD4 T cells,0,864
CAAGACTGACCTGA-1,B cells,2,576
CAAGACTGAGTAGA-1,B cells,2,901
CAAGCTGACCATAG-1,FCGR3A+ Monocytes,5,1274
CAAGCTGATCTATC-1,CD8 T cells,3,852
CAAGGACTGTTCAG-1,CD4 T cells,0,1006
CAAGGACTTCTTTG-1,CD8 T cells,3,719
CAAGGTTGCTCCAC-1,CD4 T cells,0,763
CAAGGTTGTCATTC-1,B cells,2,683
CAAGGTTGTCTGGA-1,NK cells,4,957
CAAGTCGAAACAGA-1,B cells,2,831
CAAGTCGATAGCGT-1,CD14+ Monocytes,1,724
CAATAAACGCCATA-1,CD14+ Monocytes,1,354
CAATAATGAACTGC-1,CD14+ Monocytes,1,763
CAATATGACATGGT-1,CD4 T cells,0,910
CAATATGACCTTCG-1,NK cells,4,749
CAATATGACGTTAG-1,CD4 T cells,0,626
CAATATGAGGAGCA-1,CD4 T cells,0,870
CAATCGGAGAAACA-1,CD4 T cells,0,795
CAATCTACTGACTG-1,NK cells,4,1078
CAATTCACCCAACA-1,CD8 T cells,3,736
CAATTCACGATAGA-1,CD4 T cells,0,835
CAATTCACTTGTGG-1,CD4 T cells,0,402
CAATTCTGCTTGTT-1,CD14+ Monocytes,1,1203
CAATTCTGGCGTAT-1,CD14+ Monocytes,1,699
CACAACGATACGAC-1,CD4 T cells,0,755
CACAATCTTGTTCT-1,CD4 T cells,0,697
CACAATCTTTCCAT-1,CD8 T cells,3,1229
CACACCTGCTTGAG-1,CD4 T cells,0,637
CACACCTGTATGGC-1,CD4 T cells,0,666
CACAGAACCCTTGC-1,CD4 T cells,0,846
CACAGAACCTGATG-1,CD4 T cells,0,1036
CACAGATGGGATTC-1,CD4 T cells,0,1027
CACAGATGGTTTCT-1,CD14+ Monocytes,1,831
CACAGCCTGATACC-1,CD4 T cells,0,999
CACAGCCTTGCCAA-1,FCGR3A+ Monocytes,5,942
CACAGCCTTGTAGC-1,CD4 T cells,0,891
CACAGTGATGAAGA-1,CD14+ Monocytes,1,1007
CACATACTACAGCT-1,CD8 T cells,3,712
CACATGGAACACGT-1,CD4 T cells,0,990
CACATGGAAGTCGT-1,CD4 T cells,0,725
CACCACTGCCAACA-1,CD4 T cells,0,745
CACCACTGGCGAAG-1,NK cells,4,921
CACCCATGTTCTGT-1,CD4 T cells,0,333
CACCGGGAATCGAC-1,CD4 T cells,0,1042
CACCGGGACGAGAG-1,CD8 T cells,3,895
CACCGGGACGTGTA-1,CD4 T cells,0,873
CACCGGGACTTCTA-1,CD8 T cells,3,1612
CACCGGGACTTGCC-1,CD8 T cells,3,724
CACCGGGATTCGGA-1,CD8 T cells,3,929
CACCGTACTAAGGA-1,B cells,2,601
CACCGTACTAGCGT-1,CD4 T cells,0,862
CACCTGACACCCAA-1,CD8 T cells,3,908
CACCTGACCAGAAA-1,CD8 T cells,3,658
CACCTGACCTCAAG-1,CD8 T cells,3,775
CACCTGACGAAAGT-1,B cells,2,724
CACCTGACTCGTAG-1,CD4 T cells,0,753
CACGAAACTTCCGC-1,B cells,2,741
CACGACCTCGATAC-1,B cells,2,690
CACGCTACAGAAGT-1,CD4 T cells,0,379
CACGCTACTGTTCT-1,B cells,2,608
CACGGGACAGAGTA-1,CD4 T cells,0,927
CACGGGACATAAGG-1,CD4 T cells,0,777
CACGGGACGTAGGG-1,CD4 T cells,0,969
CACGGGTGCTTCGC-1,CD8 T cells,3,827
CACGGGTGGAGGAC-1,CD8 T cells,3,709
CACGGGTGTGTTTC-1,CD4 T cells,0,385
CACTAACTCCTAAG-1,B cells,2,690
CACTAACTGAAAGT-1,CD4 T cells,0,769
CACTAGGATGATGC-1,B cells,2,554
CACTATACCCCGTT-1,B cells,2,892
CACTATACGTTTGG-1,CD8 T cells,3,761
CACTGAGACAGTCA-1,CD14+ Monocytes,1,367
CACTGCACTTCATC-1,CD4 T cells,0,731
CACTGCTGAGACTC-1,FCGR3A+ Monocytes,5,1103
CACTGCTGGAAAGT-1,CD4 T cells,0,944
CACTTAACCGAATC-1,CD4 T cells,0,832
CACTTAACCGTACA-1,B cells,2,675
CACTTTGACTCTAT-1,CD8 T cells,3,652
CACTTTGAGCTGTA-1,CD8 T cells,3,418
CAGAAGCTCTCAAG-1,CD4 T cells,0,727
CAGACATGAACGGG-1,CD4 T cells,0,745
CAGACATGTCGACA-1,CD4 T cells,0,872
CAGACCCTAAGGTA-1,FCGR3A+ Monocytes,5,1336
CAGACCCTAATGCC-1,CD4 T cells,0,863
CAGACCCTAGGAGC-1,CD4 T cells,0,934
CAGACTGAGTATGC-1,CD4 T cells,0,844
CAGATCGAATGTCG-1,B cells,2,721
CAGATCGACCTGAA-1,CD4 T cells,0,432
CAGATCGATATGGC-1,CD4 T cells,0,782
CAGATGACATTCTC-1,NK cells,4,1006
CAGCAATGCCTTCG-1,CD4 T cells,0,834
CAGCAATGGAGGGT-1,NK cells,4,840
CAGCAATGGTGCTA-1,CD4 T cells,0,840
CAGCAATGTCTACT-1,CD14+ Monocytes,1,819
CAGCAATGTGACCA-1,CD4 T cells,0,699
CAGCAATGTGAGGG-1,CD14+ Monocytes,1,489
CAGCACCTAAGCCT-1,CD4 T cells,0,665
CAGCACCTAGGCGA-1,CD4 T cells,0,576
CAGCACCTGTAGGG-1,CD14+ Monocytes,1,1291
CAGCATGACAACCA-1,CD14+ Monocytes,1,1102
CAGCATGAGACGTT-1,CD8 T cells,3,826
CAGCCTACCCAACA-1,CD4 T cells,0,880
CAGCCTTGCTACCC-1,CD14+ Monocytes,1,738
CAGCCTTGGGGACA-1,CD4 T cells,0,904
CAGCGGACACCCTC-1,CD4 T cells,0,686
CAGCGGACCTTTAC-1,NK cells,4,874
CAGCGTCTAAAGCA-1,CD4 T cells,0,887
CAGCGTCTTATCGG-1,CD4 T cells,0,873
CAGCTAGATGTGAC-1,CD14+ Monocytes,1,560
CAGCTCTGAGGCGA-1,CD4 T cells,0,766
CAGCTCTGCAAGCT-1,CD8 T cells,3,710
CAGCTCTGTCGTAG-1,CD14+ Monocytes,1,1135
CAGCTCTGTGTGGT-1,NK cells,4,1054
CAGGAACTAACTGC-1,CD8 T cells,3,805
CAGGAACTCTCAGA-1,CD14+ Monocytes,1,724
CAGGCCGAACACCA-1,CD4 T cells,0,973
CAGGCCGAACACGT-1,CD4 T cells,0,1201
CAGGCCGAACGACT-1,CD4 T cells,0,575
CAGGCCGAATCTCT-1,CD14+ Monocytes,1,838
CAGGCCGACTAGCA-1,B cells,2,865
CAGGGCACCATACG-1,B cells,2,546
CAGGGCACCCAACA-1,CD4 T cells,0,811
CAGGGCACTCCCGT-1,CD4 T cells,0,884
CAGGTAACAGACTC-1,CD14+ Monocytes,1,886
CAGGTATGAGTCGT-1,CD4 T cells,0,791
CAGGTATGTGCTTT-1,CD4 T cells,0,1026
CAGGTTGAGGATCT-1,B cells,2,2000
CAGTGATGGACGGA-1,B cells,2,644
CAGTGATGGCTAAC-1,CD8 T cells,3,763
CAGTGATGGGACAG-1,CD4 T cells,0,969
CAGTGATGTAAGGA-1,B cells,2,800
CAGTGATGTACGCA-1,CD4 T cells,0,359
CAGTGTGATGTCAG-1,CD4 T cells,0,624
CAGTTACTAAGGTA-1,B cells,2,993
CAGTTACTGATAGA-1,CD4 T cells,0,800
CAGTTGGAAAGAGT-1,CD14+ Monocytes,1,1167
CAGTTGGACATACG-1,CD4 T cells,0,833
CAGTTTACACACGT-1,NK cells,4,1871
CAGTTTACCCCAAA-1,CD4 T cells,0,616
CATAAAACGGAGCA-1,CD14+ Monocytes,1,822
CATAAATGAACTGC-1,CD4 T cells,0,647
CATAACCTTCTCCG-1,CD4 T cells,0,1000
CATACTACCTCGAA-1,CD4 T cells,0,618
CATACTACCTGAAC-1,CD4 T cells,0,734
CATACTACGTACCA-1,CD14+ Monocytes,1,618
CATACTTGGGTTAC-1,CD4 T cells,0,1938
CATAGTCTAATCGC-1,CD4 T cells,0,861
CATAGTCTCACTTT-1,CD4 T cells,0,945
CATATAGACTAAGC-1,Dendritic cells,6,1032
CATATAGATCAGGT-1,B cells,2,723
CATCAACTAGAAGT-1,CD4 T cells,0,984
CATCAACTCCCTCA-1,CD4 T cells,0,994
CATCAGGACTTCCG-1,NK cells,4,771
CATCAGGATAGCCA-1,NK cells,4,738
CATCAGGATCCTAT-1,FCGR3A+ Monocytes,5,1583
CATCAGGATGCACA-1,CD14+ Monocytes,1,1113
CATCAGGATTTCGT-1,CD14+ Monocytes,1,614
CATCATACCGCATA-1,CD14+ Monocytes,1,1146
CATCATACGGAGCA-1,B cells,2,615
CATCATACTCAAGC-1,CD4 T cells,0,848
CATCGCTGGGATCT-1,CD4 T cells,0,983
CATCGCTGTGGCAT-1,B cells,2,677
CATCGGCTATGCTG-1,CD4 T cells,0,972
CATCGGCTTTGGCA-1,CD4 T cells,0,791
CATCTCCTATGTGC-1,B cells,2,827
CATCTCCTCGAACT-1,CD14+ Monocytes,1,804
CATGAGACACGGGA-1,B cells,2,395
CATGAGACGTTGAC-1,NK cells,4,843
CATGAGACTCGCCT-1,CD4 T cells,0,493
CATGCCACGGGTGA-1,CD4 T cells,0,741
CATGCCACTGCCAA-1,CD4 T cells,0,941
CATGCGCTAGTCAC-1,FCGR3A+ Monocytes,5,1659
CATGCGCTCAGATC-1,CD14+ Monocytes,1,742
CATGCGCTTTGCAG-1,FCGR3A+ Monocytes,5,1517
CATGGCCTAGGGTG-1,CD14+ Monocytes,1,559
CATGGCCTGTGCAT-1,CD4 T cells,0,937
CATGTACTATCGTG-1,CD8 T cells,3,740
CATGTTACAGTCGT-1,CD8 T cells,3,781
CATGTTACCTGAGT-1,CD4 T cells,0,819
CATGTTTGGGGATG-1,CD14+ Monocytes,1,813
CATTACACACGGAG-1,B cells,2,578
CATTACACCAACTG-1,NK cells,4,1022
CATTACACGGAGTG-1,CD4 T cells,0,1191
CATTACACTACTCT-1,CD4 T cells,0,824
CATTAGCTCCACAA-1,CD14+ Monocytes,1,1146
CATTGACTAGCGGA-1,CD14+ Monocytes,1,757
CATTGGGACTCGAA-1,CD4 T cells,0,638
CATTGTACAGCGTT-1,CD4 T cells,0,830
CATTGTACTCGATG-1,B cells,2,713
CATTGTACTTATCC-1,CD4 T cells,0,609
CATTGTACTTTGCT-1,FCGR3A+ Monocytes,5,1271
CATTGTTGCTAGTG-1,CD4 T cells,0,680
CATTTCGACTCTAT-1,CD8 T cells,3,769
CATTTCGAGATACC-1,NK cells,4,1119
CATTTGACCACACA-1,CD8 T cells,3,731
CATTTGACCCTGAA-1,CD8 T cells,3,804
CATTTGTGACGACT-1,B cells,2,781
CATTTGTGCATTGG-1,CD4 T cells,0,916
CATTTGTGCGGAGA-1,CD4 T cells,0,735
CATTTGTGGGATCT-1,B cells,2,835
CCAAAGTGCTACGA-1,CD14+ Monocytes,1,1257
CCAAAGTGTGAGAA-1,CD14+ Monocytes,1,472
CCAACCTGAAGTAG-1,CD8 T cells,3,879
CCAACCTGACGTAC-1,CD14+ Monocytes,1,851
CCAACCTGTTCGCC-1,CD14+ Monocytes,1,1023
CCAAGAACCCAATG-1,CD4 T cells,0,661
CCAAGAACGTAGCT-1,CD4 T cells,0,1008
CCAAGAACGTGTCA-1,CD4 T cells,0,748
CCAAGAACTACTGG-1,CD8 T cells,3,845
CCAAGAACTCCTAT-1,B cells,2,393
CCAAGATGTCATTC-1,CD4 T cells,0,675
CCAAGATGTTTCAC-1,CD4 T cells,0,843
CCAAGTGAGGAACG-1,CD4 T cells,0,876
CCAAGTGATCAAGC-1,CD4 T cells,0,939
CCAATTTGAACGTC-1,CD14+ Monocytes,1,932
CCACCATGAACGTC-1,CD4 T cells,0,760
CCACCATGATCGGT-1,CD4 T cells,0,735
CCACCATGGACGAG-1,FCGR3A+ Monocytes,5,1561
CCACCATGGGGAGT-1,CD4 T cells,0,752
CCACCATGTCCTGC-1,CD8 T cells,3,940
CCACTGACCCGCTT-1,CD14+ Monocytes,1,705
CCACTGTGGGAAGC-1,CD14+ Monocytes,1,405
CCACTGTGTGTAGC-1,CD4 T cells,0,690
CCACTTCTCGGGAA-1,CD14+ Monocytes,1,1071
CCAGAAACCCTGTC-1,B cells,2,544
CCAGAAACGAACTC-1,CD4 T cells,0,927
CCAGAAACGGTCTA-1,CD4 T cells,0,817
CCAGACCTCTGAGT-1,CD14+ Monocytes,1,388
CCAGACCTTGTGGT-1,CD4 T cells,0,560
CCAGCACTGCGATT-1,FCGR3A+ Monocytes,5,1322
CCAGCGGAAAGGCG-1,CD14+ Monocytes,1,640
CCAGCGGACGACTA-1,CD14+ Monocytes,1,886
CCAGCGGATGGGAG-1,CD4 T cells,0,1075
CCAGCTACACAGTC-1,CD4 T cells,0,689
CCAGCTACCAGCTA-1,B cells,2,524
CCAGGTCTACACCA-1,B cells,2,606
CCAGGTCTAGCATC-1,CD14+ Monocytes,1,802
CCAGGTCTATGGTC-1,CD4 T cells,0,868
CCAGTCACACTGGT-1,CD14+ Monocytes,1,939
CCAGTCACACTGTG-1,B cells,2,753
CCAGTCACGTTGTG-1,CD4 T cells,0,770
CCAGTGCTAACCAC-1,CD4 T cells,0,1105
CCAGTGCTCGTAGT-1,CD4 T cells,0,841
CCATCCGAAAGCAA-1,CD4 T cells,0,786
CCATCCGAACGACT-1,CD8 T cells,3,445
CCATCCGAAGGTTC-1,B cells,2,703
CCATCCGATTCGCC-1,CD14+ Monocytes,1,593
CCATCGTGAACGGG-1,CD4 T cells,0,875
CCATCGTGCTAGAC-1,FCGR3A+ Monocytes,5,901
CCCAACACCTCGCT-1,B cells,2,927
CCCAACACGCATCA-1,CD4 T cells,0,798
CCCAACACTTTGTC-1,CD14+ Monocytes,1,1221
CCCAACTGCAATCG-1,CD14+ Monocytes,1,415
CCCAGACTGCCTTC-1,CD14+ Monocytes,1,1381
CCCAGACTGGTTTG-1,B cells,2,949
CCCAGACTTTCGCC-1,FCGR3A+ Monocytes,5,1322
CCCAGTTGCAGTTG-1,CD14+ Monocytes,1,1169
CCCAGTTGGGTACT-1,CD4 T cells,0,745
CCCAGTTGTCTATC-1,B cells,2,727
CCCGATTGTGTTTC-1,CD8 T cells,3,799
CCCGGAGAAGGGTG-1,CD14+ Monocytes,1,490
CCCTACGAATTGGC-1,CD14+ Monocytes,1,767
CCCTAGTGCAAAGA-1,CD4 T cells,0,943
CCCTCAGACACTTT-1,B cells,2,808
CCCTCAGACGAGAG-1,CD4 T cells,0,926
CCCTCAGAGGTCAT-1,CD4 T cells,0,664
CCCTGAACTAAAGG-1,B cells,2,569
CCCTGATGCAACCA-1,CD4 T cells,0,843
CCCTGATGCAAGCT-1,B cells,2,727
CCCTTACTAACCAC-1,CD14+ Monocytes,1,1222
CCCTTACTGCAGTT-1,CD4 T cells,0,457
CCGAAAACCTTGTT-1,CD14+ Monocytes,1,1515
CCGACACTGGTTTG-1,CD4 T cells,0,1138
CCGACTACCCAGTA-1,CD14+ Monocytes,1,1174
CCGACTACCGTGTA-1,CD4 T cells,0,525
CCGACTACTGAGGG-1,CD8 T cells,3,878
CCGATAGACCTAAG-1,CD4 T cells,0,525
CCGATAGAGTTGGT-1,CD14+ Monocytes,1,999
CCGCGAGACACACA-1,CD14+ Monocytes,1,778
CCGCGAGAGGTTCA-1,CD8 T cells,3,772
CCGCTATGGGACGA-1,B cells,2,819
CCGCTATGTGCAAC-1,CD14+ Monocytes,1,1015
CCGCTATGTGCACA-1,CD14+ Monocytes,1,939
CCGGTACTGTCCTC-1,CD4 T cells,0,856
CCGTACACAAGCAA-1,CD4 T cells,0,715
CCGTACACAGCGTT-1,B cells,2,793
CCGTACACGTCATG-1,CD8 T cells,3,837
CCGTACACGTTGGT-1,CD14+ Monocytes,1,1193
CCGTACACTAACGC-1,CD8 T cells,3,764
CCTAAACTTTCGTT-1,CD4 T cells,0,834
CCTAAGGACCCAAA-1,CD4 T cells,0,677
CCTAAGGACTAGCA-1,CD14+ Monocytes,1,625
CCTAAGGAGGGCAA-1,CD8 T cells,3,420
CCTAAGGATGATGC-1,CD4 T cells,0,837
CCTAAGGATGTCAG-1,CD4 T cells,0,874
CCTACCGACTCTTA-1,CD4 T cells,0,679
CCTACCGAGGGATG-1,B cells,2,811
CCTAGAGAGGTGAG-1,B cells,2,546
CCTATAACCAAAGA-1,CD4 T cells,0,787
CCTATAACGAGACG-1,FCGR3A+ Monocytes,5,587
CCTATAACTCAGAC-1,CD4 T cells,0,821
CCTATAACTGCATG-1,FCGR3A+ Monocytes,5,669
CCTCGAACACTTTC-1,NK cells,4,813
CCTCGAACCCGTAA-1,CD14+ Monocytes,1,780
CCTCGAACGTATCG-1,CD4 T cells,0,649
CCTCGAACTTACTC-1,CD4 T cells,0,924
CCTCTACTCTTCGC-1,CD14+ Monocytes,1,1322
CCTCTACTGGCATT-1,CD4 T cells,0,701
CCTGACTGAAGTAG-1,CD8 T cells,3,792
CCTGACTGGGGAGT-1,CD4 T cells,0,817
CCTGACTGTGTCTT-1,B cells,2,667
CCTGCAACACGTTG-1,CD14+ Monocytes,1,804
CCTGGACTCGTGAT-1,CD4 T cells,0,593
CCTTAATGCCCAAA-1,B cells,2,740
CCTTAATGTTCTAC-1,FCGR3A+ Monocytes,5,1243
CCTTCACTACGACT-1,CD4 T cells,0,859
CCTTCACTCAGTCA-1,B cells,2,685
CCTTCACTGGAGTG-1,CD14+ Monocytes,1,596
CCTTTAGATTCATC-1,CD14+ Monocytes,1,1193
CGAACATGCCCTAC-1,CD14+ Monocytes,1,859
CGAACATGTCAGAC-1,CD4 T cells,0,775
CGAAGACTGGAACG-1,CD8 T cells,3,947
CGAAGACTGTTACG-1,CD4 T cells,0,689
CGAAGGGAAACCTG-1,CD8 T cells,3,907
CGAAGGGATCCGAA-1,B cells,2,734
CGAAGTACCAACTG-1,B cells,2,621
CGAATCGAGGAGCA-1,CD14+ Monocytes,1,336
CGAATCGAGGAGGT-1,CD4 T cells,0,922
CGACAAACCCATAG-1,CD4 T cells,0,802
CGACAAACCGACAT-1,B cells,2,812
CGACCACTAAAGTG-1,NK cells,4,941
CGACCACTGCCAAT-1,NK cells,4,943
CGACCGGAAGGTCT-1,CD4 T cells,0,868
CGACCGGATGGAAA-1,CD4 T cells,0,947
CGACCTTGCTAGTG-1,CD4 T cells,0,767
CGACGTCTATCGTG-1,CD4 T cells,0,701
CGACGTCTCGTGTA-1,CD4 T cells,0,692
CGACGTCTGAGGCA-1,CD4 T cells,0,423
CGACTCACGTCGTA-1,CD4 T cells,0,775
CGACTCACGTTGCA-1,CD4 T cells,0,500
CGACTCTGTGTGAC-1,CD4 T cells,0,1100
CGACTGCTTCCTCG-1,CD14+ Monocytes,1,812
CGAGAACTAAGGCG-1,CD8 T cells,3,728
CGAGAACTACGTTG-1,CD4 T cells,0,616
CGAGAACTTGTTCT-1,CD14+ Monocytes,1,928
CGAGATTGGACACT-1,CD8 T cells,3,835
CGAGATTGGCCATA-1,CD8 T cells,3,454
CGAGCCGAACACCA-1,CD4 T cells,0,812
CGAGCCGAGGCGAA-1,CD4 T cells,0,769
CGAGCGTGCTCCAC-1,CD4 T cells,0,1058
CGAGCGTGGATACC-1,CD4 T cells,0,914
CGAGCGTGTATGCG-1,CD14+ Monocytes,1,628
CGAGGAGACCTCCA-1,B cells,2,649
CGAGGAGATGTCGA-1,CD4 T cells,0,452
CGAGGCACCTATGG-1,CD8 T cells,3,754
CGAGGCACTATGCG-1,CD14+ Monocytes,1,1327
CGAGGCACTCTTCA-1,CD4 T cells,0,776
CGAGGCTGACGCTA-1,NK cells,4,670
CGAGGCTGGCAGTT-1,CD14+ Monocytes,1,1017
CGAGGGCTACGACT-1,B cells,2,599
CGAGGGCTCGAATC-1,CD4 T cells,0,431
CGAGTATGTCACCC-1,FCGR3A+ Monocytes,5,967
CGATACGAACAGTC-1,CD14+ Monocytes,1,1077
CGATACGACAGGAG-1,CD4 T cells,0,2033
CGATACGATTCACT-1,B cells,2,731
CGATAGACCCGTAA-1,CD14+ Monocytes,1,533
CGATAGACCGTACA-1,CD4 T cells,0,926
CGATAGACGTAGGG-1,CD14+ Monocytes,1,725
CGATAGACTGTTCT-1,CD4 T cells,0,559
CGATCAGAAGAACA-1,CD8 T cells,3,870
CGATCAGAGAGGGT-1,CD4 T cells,0,964
CGATCAGAGGTACT-1,CD4 T cells,0,1341
CGATCAGATGTGAC-1,Dendritic cells,6,1981
CGATCCACCGGGAA-1,CD8 T cells,3,1103
CGATCCACTTCCAT-1,B cells,2,326
CGCAAATGCTCGAA-1,CD4 T cells,0,428
CGCAACCTCCTTGC-1,CD4 T cells,0,808
CGCAACCTGGACGA-1,CD4 T cells,0,821
CGCACGGAGGACGA-1,B cells,2,554
CGCACGGATCTTTG-1,CD4 T cells,0,596
CGCACTACAGAATG-1,CD4 T cells,0,680
CGCACTACAGCCAT-1,CD4 T cells,0,1034
CGCACTACATTGGC-1,CD4 T cells,0,849
CGCACTACTCGCCT-1,B cells,2,566
CGCACTACTCGTGA-1,CD4 T cells,0,879
CGCACTTGTCACGA-1,CD14+ Monocytes,1,1091
CGCAGGACAGATCC-1,CD8 T cells,3,823
CGCAGGACCTACTT-1,CD4 T cells,0,447
CGCAGGACTTGTCT-1,FCGR3A+ Monocytes,5,1688
CGCAGGTGCACTGA-1,CD4 T cells,0,868
CGCAGGTGCCATAG-1,FCGR3A+ Monocytes,5,1254
CGCAGGTGGGAACG-1,CD4 T cells,0,942
CGCATAGATCACGA-1,CD14+ Monocytes,1,462
CGCCATACTGCAAC-1,CD4 T cells,0,1055
CGCCATTGAGAGGC-1,CD4 T cells,0,852
CGCCATTGCTATGG-1,CD4 T cells,0,738
CGCCATTGGAGACG-1,CD4 T cells,0,804
CGCCATTGGAGCAG-1,B cells,2,775
CGCCATTGTACTGG-1,B cells,2,726
CGCCGAGAGCTTAG-1,NK cells,4,993
CGCCTAACGAATGA-1,Dendritic cells,6,1462
CGCCTAACTGCTCC-1,CD4 T cells,0,1007
CGCGAGACACAGCT-1,CD4 T cells,0,798
CGCGAGACAGGTCT-1,B cells,2,1036
CGCGAGACGCTACA-1,CD4 T cells,0,786
CGCGATCTCAGTCA-1,CD14+ Monocytes,1,948
CGCGATCTGTTGAC-1,CD14+ Monocytes,1,743
CGCGATCTTTCTTG-1,B cells,2,761
CGCGGATGGCCAAT-1,CD4 T cells,0,838
CGCTAAGAATGTCG-1,CD4 T cells,0,1040
CGCTAAGACAACTG-1,CD4 T cells,0,859
CGCTAAGACCCTTG-1,CD4 T cells,0,867
CGCTACTGAACAGA-1,CD14+ Monocytes,1,1188
CGCTACTGAGAACA-1,CD4 T cells,0,846
CGCTACTGTGAGCT-1,CD4 T cells,0,687
CGCTACTGTTCCCG-1,CD8 T cells,3,672
CGCTCATGCATTTC-1,CD14+ Monocytes,1,629
CGGAATTGGTTTGG-1,CD4 T cells,0,725
CGGAATTGTGGAGG-1,CD4 T cells,0,660
CGGACCGATGCGTA-1,CD8 T cells,3,809
CGGACCGATGGGAG-1,CD4 T cells,0,469
CGGACTCTAAACAG-1,B cells,2,600
CGGACTCTCCAATG-1,CD4 T cells,0,812
CGGACTCTCCTCGT-1,CD8 T cells,3,856
CGGAGGCTATTCCT-1,CD4 T cells,0,397
CGGAGGCTTGGATC-1,CD4 T cells,0,786
CGGATAACAACGAA-1,CD14+ Monocytes,1,895
CGGATAACAGCTCA-1,CD4 T cells,0,882
CGGATAACTCAGTG-1,CD14+ Monocytes,1,449
CGGCACGAACTCAG-1,CD8 T cells,3,890
CGGCACGAAGGGTG-1,CD4 T cells,0,823
CGGCACGACTACGA-1,FCGR3A+ Monocytes,5,1051
CGGCATCTTAGAAG-1,CD8 T cells,3,823
CGGCATCTTCGTAG-1,CD14+ Monocytes,1,1055
CGGCCAGAAAGGTA-1,CD4 T cells,0,741
CGGCCAGAGAGGCA-1,CD8 T cells,3,999
CGGCGAACCAGTCA-1,CD14+ Monocytes,1,1241
CGGCGAACGACAAA-1,NK cells,4,790
CGGCGAACGGTCTA-1,CD4 T cells,0,878
CGGCGAACTACTTC-1,NK cells,4,778
CGGGACTGCGTGTA-1,CD4 T cells,0,1066
CGGGACTGGAATAG-1,CD8 T cells,3,815
CGGGCATGACCCAA-1,Megakaryocytes,7,465
CGGGCATGTCTCTA-1,NK cells,4,1079
CGGGCATGTTGTGG-1,CD4 T cells,0,743
CGGTAAACTCGCAA-1,CD8 T cells,3,1098
CGGTCACTGTTTGG-1,CD4 T cells,0,807
CGGTCACTTACTTC-1,CD4 T cells,0,1120
CGTAACGATCGCCT-1,CD4 T cells,0,1025
CGTACCACACACAC-1,CD4 T cells,0,805
CGTACCACACGTTG-1,CD4 T cells,0,676
CGTACCACCTCATT-1,CD4 T cells,0,828
CGTACCACGGAGCA-1,CD4 T cells,0,763
CGTACCTGGCATCA-1,NK cells,4,997
CGTAGCCTCTCTCG-1,CD14+ Monocytes,1,852
CGTAGCCTGCGAAG-1,CD4 T cells,0,866
CGTAGCCTGTATGC-1,FCGR3A+ Monocytes,5,1118
CGTCAAGAAAGGTA-1,CD14+ Monocytes,1,508
CGTCAAGAACGTGT-1,CD4 T cells,0,928
CGTCAAGACAGAGG-1,CD4 T cells,0,958
CGTCAAGACAGGAG-1,CD8 T cells,3,932
CGTCCATGCTCTTA-1,CD4 T cells,0,892
CGTCGACTTTCCGC-1,CD8 T cells,3,905
CGTGATGACGCTAA-1,CD4 T cells,0,494
CGTGATGAGGTTCA-1,CD4 T cells,0,710
CGTGCACTTATGGC-1,CD14+ Monocytes,1,1068
CGTGTAGAAAAACG-1,CD4 T cells,0,795
CGTGTAGACGATAC-1,CD8 T cells,3,787
CGTGTAGAGTTACG-1,NK cells,4,951
CGTGTAGAGTTCAG-1,CD14+ Monocytes,1,720
CGTGTAGATTCGGA-1,NK cells,4,842
CGTTAGGAAACCAC-1,CD4 T cells,0,890
CGTTAGGATCATTC-1,CD14+ Monocytes,1,1355
CGTTATACCCTGAA-1,CD8 T cells,3,1005
CGTTTAACTGGTCA-1,CD4 T cells,0,872
CTAAACCTCTGACA-1,NK cells,4,1185
CTAAACCTGTGCAT-1,B cells,2,912
CTAACACTAACGTC-1,CD4 T cells,0,869
CTAACACTAGTGCT-1,CD14+ Monocytes,1,894
CTAACGGAACCGAT-1,NK cells,4,997
CTAACGGATTTCTG-1,CD4 T cells,0,770
CTAACTACGGCAAG-1,CD8 T cells,3,554
CTAAGGACACCATG-1,CD4 T cells,0,806
CTAAGGACCGTTAG-1,CD4 T cells,0,1426
CTAAGGACGCCATA-1,CD14+ Monocytes,1,1012
CTAAGGTGCCTAAG-1,B cells,2,452
CTAAGGTGTTGCAG-1,CD4 T cells,0,896
CTAAGGTGTTTCTG-1,CD4 T cells,0,426
CTAATAGAGCTATG-1,CD4 T cells,0,239
CTAATGCTTGTGGT-1,CD14+ Monocytes,1,829
CTACAACTCCCGTT-1,CD8 T cells,3,895
CTACCTCTCAACCA-1,CD8 T cells,3,787
CTACGCACACCTAG-1,FCGR3A+ Monocytes,5,1139
CTACGCACTCTCCG-1,CD4 T cells,0,925
CTACGCACTGGTCA-1,NK cells,4,1015
CTACGGCTTTCTTG-1,CD14+ Monocytes,1,1360
CTACTATGAACCAC-1,CD14+ Monocytes,1,1097
CTACTATGATGTGC-1,CD14+ Monocytes,1,650
CTACTATGCTAAGC-1,CD8 T cells,3,853
CTACTATGTAAAGG-1,B cells,2,549
CTACTCCTATGTCG-1,NK cells,4,1052
CTACTCCTGCCATA-1,CD14+ Monocytes,1,307
CTAGAGACACTTTC-1,CD4 T cells,0,1152
CTAGAGACAGCATC-1,CD8 T cells,3,907
CTAGAGACTTTGGG-1,FCGR3A+ Monocytes,5,1628
CTAGATCTCTCTAT-1,CD4 T cells,0,731
CTAGATCTTCGACA-1,CD4 T cells,0,897
CTAGGATGAGCCTA-1,B cells,2,1749
CTAGGATGATCGTG-1,B cells,2,762
CTAGGCCTCTCAGA-1,CD4 T cells,0,712
CTAGGTGATGGTTG-1,FCGR3A+ Monocytes,5,1195
CTAGTTACCAGAGG-1,CD4 T cells,0,851
CTAGTTACCGCATA-1,CD4 T cells,0,864
CTAGTTACGAAACA-1,NK cells,4,968
CTATAAGATCGTTT-1,B cells,2,845
CTATACTGAGGTTC-1,CD14+ Monocytes,1,331
CTATACTGCCAGTA-1,CD4 T cells,0,840
CTATACTGCGCTAA-1,CD14+ Monocytes,1,734
CTATACTGCTACGA-1,NK cells,4,948
CTATACTGTCTCAT-1,NK cells,4,842
CTATACTGTTCGTT-1,CD4 T cells,0,1543
CTATAGCTGTCACA-1,CD4 T cells,0,661
CTATAGCTTCGCTC-1,CD14+ Monocytes,1,981
CTATAGCTTGCCTC-1,CD14+ Monocytes,1,912
CTATCAACGAACTC-1,CD4 T cells,0,912
CTATCAACGCAGAG-1,CD4 T cells,0,1063
CTATCAACTTTGGG-1,CD4 T cells,0,683
CTATCCCTCCACCT-1,CD14+ Monocytes,1,823
CTATGTACGAGAGC-1,CD4 T cells,0,996
CTATGTACGCTTAG-1,CD4 T cells,0,695
CTATGTACTGTTTC-1,B cells,2,1483
CTATGTTGAAAGCA-1,CD4 T cells,0,927
CTATGTTGTCCTCG-1,CD4 T cells,0,574
CTATGTTGTCTCGC-1,CD4 T cells,0,1052
CTATTGACAAACGA-1,CD14+ Monocytes,1,571
CTATTGACACTGGT-1,CD14+ Monocytes,1,1028
CTATTGACGGTGAG-1,FCGR3A+ Monocytes,5,1263
CTATTGTGGCAAGG-1,CD4 T cells,0,671
CTCAATTGGTTCAG-1,CD4 T cells,0,958
CTCAATTGGTTGCA-1,CD14+ Monocytes,1,747
CTCAGAGATAGAAG-1,CD4 T cells,0,866
CTCAGCACTCTAGG-1,CD4 T cells,0,896
CTCAGCACTGAACC-1,CD14+ Monocytes,1,489
CTCAGCACTTGCAG-1,CD4 T cells,0,643
CTCAGCTGAACCTG-1,CD14+ Monocytes,1,923
CTCAGCTGCAGTTG-1,CD4 T cells,0,820
CTCAGGCTCGTTGA-1,FCGR3A+ Monocytes,5,1466
CTCAGGCTGCTAAC-1,CD4 T cells,0,550
CTCATTGACCTTAT-1,CD4 T cells,0,1112
CTCATTGATGCTTT-1,CD14+ Monocytes,1,1006
CTCCACGAGAGATA-1,Dendritic cells,6,1448
CTCCATCTCTTAGG-1,CD4 T cells,0,727
CTCCATCTGACGAG-1,CD4 T cells,0,899
CTCCGAACAAGTGA-1,FCGR3A+ Monocytes,5,998
CTCCTACTGCCTTC-1,CD14+ Monocytes,1,563
CTCGAAGATGTGGT-1,CD4 T cells,0,870
CTCGAAGATTAGGC-1,CD14+ Monocytes,1,903
CTCGACTGCTCTAT-1,CD4 T cells,0,516
CTCGACTGGGTGAG-1,CD4 T cells,0,754
CTCGACTGGTTGAC-1,NK cells,4,879
CTCGAGCTCTGGAT-1,CD8 T cells,3,588
CTCGCATGACTTTC-1,CD4 T cells,0,740
CTCGCATGCTTAGG-1,CD4 T cells,0,798
CTCTAAACCTCGAA-1,CD4 T cells,0,798
CTCTAAACGGCGAA-1,CD4 T cells,0,653
CTCTAATGTCCAAG-1,CD14+ Monocytes,1,902
CTGAACGACAGTCA-1,CD4 T cells,0,990
CTGAACGATGAGGG-1,CD4 T cells,0,724
CTGAAGACCCAACA-1,CD4 T cells,0,953
CTGAAGACGTGCAT-1,B cells,2,891
CTGAAGTGAAGCCT-1,FCGR3A+ Monocytes,5,1437
CTGAAGTGCAGCTA-1,B cells,2,653
CTGAAGTGGCTATG-1,CD4 T cells,0,714
CTGAAGTGTCCAGA-1,CD4 T cells,0,956
CTGAATCTGAATAG-1,CD4 T cells,0,877
CTGACAGAATCGTG-1,CD8 T cells,3,1012
CTGACCACAGCAAA-1,CD4 T cells,0,824
CTGAGAACCGGGAA-1,CD4 T cells,0,1077
CTGAGAACGTAAAG-1,NK cells,4,740
CTGATACTAGTAGA-1,CD4 T cells,0,692
CTGATTTGGTGTTG-1,CD14+ Monocytes,1,1063
CTGCAGCTAACCGT-1,CD4 T cells,0,771
CTGCAGCTGACACT-1,CD4 T cells,0,808
CTGCAGCTGGATTC-1,CD14+ Monocytes,1,1389
CTGCAGCTTGGCAT-1,CD8 T cells,3,1264
CTGCCAACAGGAGC-1,CD8 T cells,3,952
CTGCCAACCAGCTA-1,CD4 T cells,0,816
CTGCCAACTAACCG-1,CD14+ Monocytes,1,795
CTGCCAACTGCTCC-1,CD8 T cells,3,795
CTGCCAACTTGCAG-1,CD4 T cells,0,760
CTGCCAACTTGCTT-1,CD8 T cells,3,886
CTGCGACTCCACCT-1,CD8 T cells,3,349
CTGGAAACAAACGA-1,CD8 T cells,3,868
CTGGAAACATCGAC-1,CD4 T cells,0,842
CTGGATGACTGGAT-1,CD8 T cells,3,819
CTGGATGACTTGTT-1,CD4 T cells,0,626
CTGGATGATGTGAC-1,B cells,2,418
CTGGCACTCAAGCT-1,CD14+ Monocytes,1,903
CTGTAACTAACCAC-1,CD4 T cells,0,838
CTGTAACTAGCGTT-1,CD4 T cells,0,723
CTGTATACGTAAAG-1,CD4 T cells,0,436
CTGTATACGTACGT-1,CD14+ Monocytes,1,1112
CTGTATACGTTGGT-1,CD4 T cells,0,724
CTGTGAGACAACCA-1,FCGR3A+ Monocytes,5,1299
CTGTGAGACCTTGC-1,CD8 T cells,3,719
CTGTGAGACGAACT-1,CD14+ Monocytes,1,843
CTGTGAGACTGTAG-1,CD14+ Monocytes,1,1090
CTTAAAGAACCTGA-1,CD4 T cells,0,696
CTTAACACCTGTAG-1,CD4 T cells,0,885
CTTAACACTATCGG-1,B cells,2,627
CTTAAGCTACCTAG-1,CD4 T cells,0,809
CTTAAGCTAGTACC-1,CD4 T cells,0,423
CTTAAGCTCATCAG-1,CD4 T cells,0,729
CTTAAGCTCCGCTT-1,B cells,2,853
CTTACAACTAACGC-1,CD4 T cells,0,855
CTTACAACTCCCGT-1,CD14+ Monocytes,1,608
CTTACTGACGTACA-1,CD4 T cells,0,627
CTTAGACTAAACGA-1,CD4 T cells,0,823
CTTAGGGACTTGCC-1,CD4 T cells,0,1063
CTTAGGGAGAATCC-1,CD4 T cells,0,575
CTTATCGACTCATT-1,CD4 T cells,0,743
CTTCACCTACCTGA-1,FCGR3A+ Monocytes,5,1528
CTTCATGAAGCATC-1,B cells,2,681
CTTCATGAAGTACC-1,CD4 T cells,0,544
CTTCATGACCGAAT-1,CD8 T cells,3,422
CTTGAACTACGCAT-1,CD4 T cells,0,731
CTTGATTGAGGTTC-1,CD8 T cells,3,920
CTTGATTGATCTTC-1,CD14+ Monocytes,1,761
CTTGATTGCATTCT-1,CD4 T cells,0,884
CTTGATTGTTTCGT-1,CD4 T cells,0,982
CTTGTATGACACCA-1,B cells,2,784
CTTGTATGCGCAAT-1,B cells,2,496
CTTTACGAGCGAAG-1,CD4 T cells,0,573
CTTTAGACCGTGAT-1,CD4 T cells,0,521
CTTTAGACGAGACG-1,CD4 T cells,0,663
CTTTAGACGATACC-1,CD4 T cells,0,794
CTTTAGACGTTGGT-1,CD4 T cells,0,975
CTTTAGACTCATTC-1,CD8 T cells,3,856
CTTTAGTGACGGGA-1,NK cells,4,978
CTTTAGTGGGTGGA-1,CD4 T cells,0,590
CTTTCAGAGAAACA-1,CD4 T cells,0,905
CTTTGATGAGCACT-1,CD4 T cells,0,695
CTTTGATGTCTAGG-1,CD4 T cells,0,816
CTTTGATGTGTCCC-1,CD4 T cells,0,976
CTTTGATGTGTGGT-1,CD4 T cells,0,816
GAAACAGAACTACG-1,CD4 T cells,0,753
GAAACAGAATCACG-1,CD4 T cells,0,791
GAAACAGACATTCT-1,CD4 T cells,0,858
GAAACCTGATCGTG-1,CD4 T cells,0,813
GAAACCTGATGCCA-1,CD4 T cells,0,841
GAAACCTGCTTATC-1,CD4 T cells,0,1085
GAAACCTGGACTAC-1,FCGR3A+ Monocytes,5,1692
GAAACCTGTGCTAG-1,CD4 T cells,0,716
GAAAGATGATTTCC-1,CD4 T cells,0,955
GAAAGATGCTGATG-1,FCGR3A+ Monocytes,5,1467
GAAAGATGCTTCGC-1,CD14+ Monocytes,1,741
GAAAGATGTAAGGA-1,CD4 T cells,0,296
GAAAGCCTACGTTG-1,B cells,2,738
GAAAGTGAAAGTGA-1,Dendritic cells,6,1573
GAAAGTGACCACAA-1,CD14+ Monocytes,1,1119
GAAAGTGACTCAAG-1,CD4 T cells,0,918
GAAATACTACCAAC-1,CD14+ Monocytes,1,283
GAAATACTCTTAGG-1,B cells,2,703
GAAATACTTCCTCG-1,CD4 T cells,0,842
GAACACACGTGCAT-1,CD14+ Monocytes,1,1253
GAACACACTGCCTC-1,CD4 T cells,0,676
GAACAGCTAACTGC-1,FCGR3A+ Monocytes,5,1636
GAACAGCTCTCAGA-1,FCGR3A+ Monocytes,5,1273
GAACCAACCACAAC-1,CD4 T cells,0,380
GAACCAACTTCCGC-1,NK cells,4,799
GAACCTGAACGTGT-1,CD8 T cells,3,1491
GAACCTGAGAGACG-1,CD4 T cells,0,878
GAACCTGATGAACC-1,CD4 T cells,0,939
GAACGGGATACTTC-1,CD4 T cells,0,725
GAACTGTGACCTGA-1,FCGR3A+ Monocytes,5,1365
GAACTGTGCCAGTA-1,CD14+ Monocytes,1,818
GAAGAATGCAATCG-1,CD4 T cells,0,719
GAAGCGGACCTATT-1,CD14+ Monocytes,1,1343
GAAGCTACGAATGA-1,CD14+ Monocytes,1,905
GAAGCTACGGTTTG-1,CD4 T cells,0,837
GAAGGGTGAAAGTG-1,CD4 T cells,0,803
GAAGGGTGCTTAGG-1,CD14+ Monocytes,1,990
GAAGGTCTGAAAGT-1,CD4 T cells,0,1084
GAAGGTCTGTTGCA-1,CD4 T cells,0,976
GAAGGTCTTAAAGG-1,Dendritic cells,6,1630
GAAGTAGACTCCCA-1,CD8 T cells,3,795
GAAGTAGATCCAAG-1,FCGR3A+ Monocytes,5,1408
GAAGTCACCCTCGT-1,CD14+ Monocytes,1,771
GAAGTCACCCTGTC-1,B cells,2,650
GAAGTCTGTCGCAA-1,B cells,2,779
GAAGTCTGTTCTGT-1,CD4 T cells,0,648
GAAGTGCTAAACGA-1,NK cells,4,817
GAAGTGCTCCGCTT-1,CD14+ Monocytes,1,1127
GAAGTGCTTAACCG-1,CD4 T cells,0,882
GAATGCACCCTAAG-1,CD4 T cells,0,954
GAATGCACCTTCGC-1,NK cells,4,830
GAATGCTGCGGTAT-1,CD4 T cells,0,732
GAATTAACGATAAG-1,CD4 T cells,0,783
GAATTAACGGTCAT-1,CD4 T cells,0,756
GAATTAACGTCGTA-1,NK cells,4,708
GAATTAACTGAAGA-1,B cells,2,976
GACAACACAGGCGA-1,CD4 T cells,0,718
GACAACACATCGTG-1,CD4 T cells,0,887
GACAACACTCGCCT-1,CD4 T cells,0,809
GACAACTGAGGTTC-1,CD4 T cells,0,795
GACAGGGAAGAGTA-1,B cells,2,662
GACAGGGAATGCCA-1,CD4 T cells,0,912
GACAGTACGAGCTT-1,FCGR3A+ Monocytes,5,1550
GACAGTACTTCGGA-1,FCGR3A+ Monocytes,5,1509
GACAGTTGAGTAGA-1,B cells,2,1021
GACATTCTCCACCT-1,Dendritic cells,6,1751
GACCAAACGACTAC-1,CD14+ Monocytes,1,776
GACCAAACGTATCG-1,CD14+ Monocytes,1,910
GACCCTACTAAAGG-1,B cells,2,714
GACCTAGACCTCAC-1,CD4 T cells,0,530
GACCTAGACGAGAG-1,CD4 T cells,0,846
GACCTCACAAGGTA-1,CD4 T cells,0,631
GACCTCACGTACGT-1,CD14+ Monocytes,1,1152
GACCTCTGCATCAG-1,CD4 T cells,0,1118
GACGAACTCCCACT-1,CD4 T cells,0,755
GACGATTGCCAATG-1,B cells,2,573
GACGCCGACCTTCG-1,CD4 T cells,0,1176
GACGCTCTCTCTCG-1,Megakaryocytes,7,267
GACGGCACACGGGA-1,NK cells,4,918
GACGGCACGAGATA-1,CD14+ Monocytes,1,1132
GACGTAACCTATGG-1,CD4 T cells,0,849
GACGTAACCTGTGA-1,CD4 T cells,0,938
GACGTAACTATGGC-1,CD4 T cells,0,1140
GACGTATGTTGACG-1,CD4 T cells,0,909
GACGTATGTTTGCT-1,CD4 T cells,0,840
GACGTCCTACGGAG-1,CD4 T cells,0,806
GACGTCCTCTCAAG-1,CD14+ Monocytes,1,904
GACGTCCTGATAAG-1,B cells,2,788
GACTACGATGGTCA-1,B cells,2,778
GACTCCTGCTCGCT-1,CD4 T cells,0,715
GACTCCTGGGTTAC-1,CD4 T cells,0,869
GACTCCTGTTATCC-1,CD4 T cells,0,714
GACTCCTGTTGGTG-1,CD14+ Monocytes,1,883
GACTGAACCAATCG-1,CD14+ Monocytes,1,767
GACTGATGTGATGC-1,CD4 T cells,0,858
GACTTTACATGCCA-1,CD4 T cells,0,788
GACTTTACGACAGG-1,B cells,2,553
GAGAAATGTTCTCA-1,B cells,2,634
GAGATAGAAAAAGC-1,CD14+ Monocytes,1,1230
GAGATCACGACAAA-1,FCGR3A+ Monocytes,5,1131
GAGATGCTCTGGAT-1,CD8 T cells,3,849
GAGATGCTGAATGA-1,CD4 T cells,0,811
GAGCAGGATTCCCG-1,CD8 T cells,3,827
GAGCATACTTTGCT-1,CD4 T cells,0,1753
GAGCGCACGCGTAT-1,CD14+ Monocytes,1,713
GAGCGCACGGTGAG-1,CD4 T cells,0,484
GAGCGCTGAAGATG-1,NK cells,4,783
GAGCGCTGTCTTAC-1,CD14+ Monocytes,1,722
GAGCGGCTGGGAGT-1,B cells,2,596
GAGGACGACTCAGA-1,CD8 T cells,3,514
GAGGATCTGAAAGT-1,B cells,2,372
GAGGCAGACTTGCC-1,CD8 T cells,3,925
GAGGGAACACCAGT-1,CD4 T cells,0,747
GAGGGAACGAGGGT-1,CD4 T cells,0,840
GAGGGATGGGAAAT-1,CD4 T cells,0,673
GAGGGCCTTCACCC-1,CD4 T cells,0,955
GAGGGTGAAGAGTA-1,CD4 T cells,0,796
GAGGTACTACGGTT-1,CD4 T cells,0,719
GAGGTACTACTCAG-1,CD14+ Monocytes,1,718
GAGGTACTGACACT-1,NK cells,4,857
GAGGTACTGGGAGT-1,CD4 T cells,0,578
GAGGTACTTAGCGT-1,CD14+ Monocytes,1,1063
GAGGTGGAGTACGT-1,CD4 T cells,0,594
GAGGTGGATCCTCG-1,NK cells,4,997
GAGGTTACTCGTTT-1,CD14+ Monocytes,1,1268
GAGGTTTGTAAGCC-1,CD14+ Monocytes,1,341
GAGTCAACCATTCT-1,CD4 T cells,0,388
GAGTCAACGGGAGT-1,CD4 T cells,0,753
GAGTCTGATCGTGA-1,CD8 T cells,3,834
GAGTCTGATTTGGG-1,B cells,2,593
GAGTGACTCAGCTA-1,CD4 T cells,0,1189
GAGTGACTCGGTAT-1,CD8 T cells,3,911
GAGTGACTCTTGCC-1,B cells,2,738
GAGTGACTGACTAC-1,B cells,2,476
GAGTGACTGTCTAG-1,CD4 T cells,0,816
GAGTGGGAGTCTTT-1,B cells,2,641
GAGTGGGATGCCCT-1,CD4 T cells,0,746
GAGTGGGATGCTGA-1,B cells,2,635
GAGTGTTGCTGTAG-1,CD4 T cells,0,953
GAGTGTTGTGGTCA-1,CD4 T cells,0,801
GAGTTGTGCATGGT-1,CD14+ Monocytes,1,326
GAGTTGTGCTGAGT-1,CD8 T cells,3,849
GAGTTGTGGCGAGA-1,CD14+ Monocytes,1,499
GAGTTGTGGTAGCT-1,Megakaryocytes,7,865
GAGTTGTGTATGCG-1,FCGR3A+ Monocytes,5,1420
GATAAGGAGAAACA-1,CD14+ Monocytes,1,487
GATAAGGATTCACT-1,CD14+ Monocytes,1,876
GATACTCTATCGGT-1,CD4 T cells,0,797
GATACTCTTACTTC-1,CD4 T cells,0,981
GATACTCTTGACTG-1,CD14+ Monocytes,1,756
GATAGAGAAGGGTG-1,NK cells,4,850
GATAGAGACTGTGA-1,CD4 T cells,0,1097
GATAGAGATCACGA-1,Dendritic cells,6,998
GATAGCACCCATAG-1,CD4 T cells,0,829
GATAGCACGAAGGC-1,CD14+ Monocytes,1,1159
GATAGCACTTGTCT-1,CD4 T cells,0,955
GATATAACAAGGTA-1,CD4 T cells,0,1061
GATATAACACGCAT-1,CD4 T cells,0,696
GATATATGCTGGAT-1,CD4 T cells,0,786
GATATATGTCCGTC-1,CD8 T cells,3,743
GATATATGTGGAGG-1,CD4 T cells,0,1211
GATATCCTAGAAGT-1,CD4 T cells,0,893
GATATCCTCCCGTT-1,CD14+ Monocytes,1,491
GATATTGACAGGAG-1,CD4 T cells,0,744
GATATTGACGAGTT-1,FCGR3A+ Monocytes,5,1447
GATATTGAGCCAAT-1,CD4 T cells,0,767
GATCCCTGACCTTT-1,NK cells,4,1050
GATCCCTGTGTAGC-1,CD8 T cells,3,853
GATCCGCTGGTCAT-1,CD14+ Monocytes,1,1118
GATCGAACCGAGAG-1,CD8 T cells,3,1428
GATCGATGACTAGC-1,B cells,2,555
GATCGATGGTAAAG-1,B cells,2,612
GATCGATGTAAGGA-1,CD14+ Monocytes,1,854
GATCGTGACACTAG-1,CD4 T cells,0,789
GATCGTGATTCACT-1,CD4 T cells,0,889
GATCTACTGGTGAG-1,CD4 T cells,0,784
GATCTACTTTGCAG-1,B cells,2,712
GATCTTACACCCAA-1,FCGR3A+ Monocytes,5,1323
GATCTTACCCTACC-1,CD4 T cells,0,921
GATCTTACGAATAG-1,CD14+ Monocytes,1,682
GATCTTACGAGATA-1,CD14+ Monocytes,1,794
GATGCAACTCCAGA-1,CD4 T cells,0,846
GATGCCCTACGTAC-1,CD4 T cells,0,1012
GATGCCCTCTCATT-1,CD4 T cells,0,839
GATGCCCTGGCAAG-1,CD14+ Monocytes,1,807
GATGCCCTTTTGCT-1,CD4 T cells,0,587
GATTACCTTGTTCT-1,CD4 T cells,0,881
GATTCGGAACGACT-1,CD4 T cells,0,781
GATTCGGACAGGAG-1,CD14+ Monocytes,1,1010
GATTCGGAGAAGGC-1,FCGR3A+ Monocytes,5,1182
GATTCTTGATTCGG-1,CD14+ Monocytes,1,1149
GATTCTTGCCGATA-1,CD4 T cells,0,812
GATTCTTGCGAGTT-1,B cells,2,607
GATTGGACCCGTTC-1,B cells,2,1155
GATTGGACGGTGTT-1,B cells,2,714
GATTGGACTTTCGT-1,B cells,2,642
GATTGGTGTGTCAG-1,CD4 T cells,0,1088
GATTTAGACACTCC-1,FCGR3A+ Monocytes,5,1291
GATTTAGACTAAGC-1,B cells,2,1196
GATTTAGATTCGTT-1,CD14+ Monocytes,1,325
GATTTGCTAACGAA-1,CD4 T cells,0,804
GATTTGCTAACGGG-1,CD14+ Monocytes,1,370
GCAACCCTCCTCGT-1,CD14+ Monocytes,1,359
GCAACTGATTGCGA-1,CD4 T cells,0,855
GCAAGACTACTGGT-1,CD8 T cells,3,1165
GCAAGACTAGGTCT-1,CD4 T cells,0,836
GCAAGACTCCCTTG-1,CD4 T cells,0,923
GCAATCGACTGCAA-1,CD8 T cells,3,863
GCAATCGAGACGTT-1,CD14+ Monocytes,1,1284
GCAATCGATCCTTA-1,CD14+ Monocytes,1,1011
GCAATTCTCGTGTA-1,CD4 T cells,0,889
GCAATTCTTCTCCG-1,CD4 T cells,0,984
GCACAAACAATGCC-1,CD4 T cells,0,512
GCACAAACGGTACT-1,CD8 T cells,3,939
GCACAATGGTGCAT-1,Dendritic cells,6,883
GCACACCTGTGCTA-1,NK cells,4,697
GCACCACTCATGAC-1,CD14+ Monocytes,1,1211
GCACCACTGTTTGG-1,CD14+ Monocytes,1,362
GCACCACTTCCTTA-1,NK cells,4,969
GCACCACTTTCGGA-1,CD14+ Monocytes,1,1135
GCACCTACGCGATT-1,CD4 T cells,0,1239
GCACCTTGGCTGTA-1,CD4 T cells,0,580
GCACCTTGGGGAGT-1,CD14+ Monocytes,1,1103
GCACGGACCAGCTA-1,CD4 T cells,0,975
GCACGGTGACCTCC-1,CD4 T cells,0,825
GCACGGTGCTATGG-1,CD14+ Monocytes,1,1170
GCACTAGAACGGGA-1,CD4 T cells,0,921
GCACTAGAAGATGA-1,B cells,2,640
GCACTAGACCTTTA-1,FCGR3A+ Monocytes,5,1180
GCACTAGACGTAAC-1,B cells,2,378
GCACTAGAGTCGTA-1,NK cells,4,982
GCACTAGATGCAAC-1,CD4 T cells,0,916
GCACTGCTGAGGCA-1,CD8 T cells,3,1122
GCAGATACAGCGTT-1,CD8 T cells,3,792
GCAGATACGACGGA-1,CD4 T cells,0,619
GCAGATACGCAGAG-1,CD4 T cells,0,750
GCAGCCGACAGTCA-1,CD4 T cells,0,913
GCAGCGTGCACTCC-1,CD4 T cells,0,775
GCAGCTCTCAATCG-1,CD4 T cells,0,661
GCAGCTCTGTTTCT-1,CD4 T cells,0,766
GCAGGGCTAAGAAC-1,CD4 T cells,0,768
GCAGGGCTAAGGGC-1,CD4 T cells,0,675
GCAGGGCTATCGAC-1,NK cells,4,944
GCAGGGCTTGGGAG-1,CD8 T cells,3,940
GCAGTCCTAACTGC-1,CD4 T cells,0,761
GCAGTCCTCTCTTA-1,CD4 T cells,0,727
GCATCAGATGCGTA-1,CD8 T cells,3,767
GCATGTGACAAGCT-1,CD4 T cells,0,873
GCATTGGAGAAGGC-1,CD4 T cells,0,1043
GCCAAAACGAGGCA-1,CD8 T cells,3,850
GCCAAATGATCGAC-1,CD8 T cells,3,995
GCCAACCTACGGTT-1,CD4 T cells,0,680
GCCAACCTCGCCTT-1,CD4 T cells,0,595
GCCACGGAGGCGAA-1,CD14+ Monocytes,1,700
GCCACGGATACTGG-1,CD4 T cells,0,753
GCCACTACGTCTTT-1,CD4 T cells,0,736
GCCCAACTACCGAT-1,CD4 T cells,0,891
GCCCAACTATGGTC-1,CD8 T cells,3,685
GCCCATACAGCGTT-1,CD8 T cells,3,780
GCCGACGAACTCTT-1,CD14+ Monocytes,1,986
GCCGAGTGCGTTGA-1,CD8 T cells,3,989
GCCGGAACGAACTC-1,CD8 T cells,3,830
GCCGGAACGTTCTT-1,NK cells,4,810
GCCGGAACTGCACA-1,CD8 T cells,3,685
GCCGGAACTTACTC-1,CD4 T cells,0,784
GCCGTACTACCTGA-1,CD4 T cells,0,642
GCCGTACTGGCAAG-1,CD14+ Monocytes,1,742
GCCTACACAGTTCG-1,NK cells,4,961
GCCTACACCACTGA-1,FCGR3A+ Monocytes,5,906
GCCTACACCTTGAG-1,CD4 T cells,0,829
GCCTAGCTACGGAG-1,B cells,2,621
GCCTAGCTCTATTC-1,CD4 T cells,0,822
GCCTAGCTTCTCAT-1,CD4 T cells,0,717
GCCTAGCTTCTCTA-1,FCGR3A+ Monocytes,5,1210
GCCTCAACCATGGT-1,CD4 T cells,0,800
GCCTCAACTCTTTG-1,CD8 T cells,3,1963
GCCTCATGTCTTAC-1,CD8 T cells,3,749
GCCTGACTCTCAAG-1,CD14+ Monocytes,1,757
GCGAAGGAACTCTT-1,CD4 T cells,0,570
GCGAAGGATGCCAA-1,CD4 T cells,0,831
GCGAGAGAGGGACA-1,CD4 T cells,0,721
GCGAGCACTGTCGA-1,B cells,2,336
GCGAGCACTTGACG-1,CD4 T cells,0,802
GCGAGCACTTGCTT-1,CD14+ Monocytes,1,1001
GCGATATGGTACGT-1,CD4 T cells,0,886
GCGATATGGTGTTG-1,CD4 T cells,0,631
GCGCACGAAGTCGT-1,CD4 T cells,0,759
GCGCACGACTTTAC-1,CD14+ Monocytes,1,631
GCGCATCTAGGTCT-1,CD4 T cells,0,550
GCGCATCTGGTTAC-1,Megakaryocytes,7,984
GCGCATCTTCGATG-1,CD4 T cells,0,767
GCGCATCTTGCTCC-1,NK cells,4,835
GCGCATCTTTCTAC-1,CD4 T cells,0,777
GCGCGAACGTTCTT-1,B cells,2,639
GCGCGATGAACGGG-1,CD4 T cells,0,860
GCGCGATGGTGCAT-1,NK cells,4,1413
GCGGAGCTCCTGAA-1,CD4 T cells,0,747
GCGGCAACCCGATA-1,CD4 T cells,0,779
GCGGCAACGGAGGT-1,B cells,2,540
GCGGCAACTGTCGA-1,CD14+ Monocytes,1,367
GCGTAAACACGGTT-1,Dendritic cells,6,1629
GCGTAATGCACCAA-1,FCGR3A+ Monocytes,5,1380
GCGTATGAACACCA-1,CD4 T cells,0,689
GCGTATGATGAGAA-1,CD14+ Monocytes,1,1001
GCTACAGAAAGGTA-1,CD4 T cells,0,809
GCTACAGAATCTTC-1,B cells,2,337
GCTACCTGAGAAGT-1,CD14+ Monocytes,1,1103
GCTACCTGATCACG-1,CD4 T cells,0,796
GCTACGCTAGAATG-1,CD4 T cells,0,966
GCTACGCTAGCTAC-1,CD4 T cells,0,782
GCTACGCTCCCTAC-1,CD4 T cells,0,1018
GCTAGAACAGAGGC-1,B cells,2,642
GCTAGAACGGATCT-1,CD4 T cells,0,967
GCTAGAACTCCCGT-1,CD4 T cells,0,436
GCTAGATGAGCTCA-1,CD14+ Monocytes,1,826
GCTAGATGGCGATT-1,CD8 T cells,3,779
GCTATACTAAGGCG-1,CD4 T cells,0,1000
GCTATACTAGCGTT-1,CD8 T cells,3,601
GCTATACTCTCTTA-1,CD4 T cells,0,796
GCTATACTGGACGA-1,CD4 T cells,0,945
GCTCAAGAACCATG-1,B cells,2,1679
GCTCAAGAAGTCAC-1,CD14+ Monocytes,1,1123
GCTCAGCTGTCTAG-1,CD4 T cells,0,596
GCTCCATGAGAAGT-1,CD8 T cells,3,995
GCTCCATGCCGAAT-1,CD4 T cells,0,720
GCTCGACTCTAGTG-1,CD14+ Monocytes,1,588
GCTGATGAGGTATC-1,CD14+ Monocytes,1,759
GCTTAACTACAGTC-1,CD14+ Monocytes,1,452
GCTTAACTACTGGT-1,CD8 T cells,3,780
GCTTAACTGCTGAT-1,CD4 T cells,0,836
GCTTAACTTAGACC-1,CD14+ Monocytes,1,515
GCTTAACTTCAGTG-1,CD4 T cells,0,846
GGAACACTCACTTT-1,CD14+ Monocytes,1,392
GGAACACTTCAGAC-1,Megakaryocytes,7,283
GGAACTACTACTTC-1,CD4 T cells,0,710
GGAACTTGAAGGTA-1,CD14+ Monocytes,1,1158
GGAACTTGAGAATG-1,CD4 T cells,0,796
GGAACTTGCTCCAC-1,CD14+ Monocytes,1,895
GGAACTTGGGTAGG-1,B cells,2,585
GGAAGGACATCGGT-1,CD14+ Monocytes,1,559
GGAAGGACCACTAG-1,CD4 T cells,0,859
GGAAGGACGAGGGT-1,CD4 T cells,0,879
GGAAGGACGCGAAG-1,CD8 T cells,3,858
GGAAGGTGGCGAGA-1,NK cells,4,842
GGAATCTGAAGGGC-1,CD4 T cells,0,643
GGAATCTGAGGAGC-1,CD4 T cells,0,1308
GGAATCTGCTTAGG-1,B cells,2,595
GGAATCTGCTTGTT-1,CD14+ Monocytes,1,1181
GGAATCTGGGAGGT-1,CD4 T cells,0,909
GGAATGCTTTCTAC-1,CD4 T cells,0,710
GGACAGGAAAGGGC-1,CD8 T cells,3,821
GGACAGGAGTGCTA-1,B cells,2,817
GGACAGGATCTCGC-1,CD4 T cells,0,841
GGACCCGAAGCTAC-1,CD14+ Monocytes,1,1197
GGACCGTGCTTACT-1,CD14+ Monocytes,1,640
GGACCGTGGGAACG-1,Dendritic cells,6,1425
GGACCGTGTAACGC-1,CD4 T cells,0,947
GGACCTCTGTAAGA-1,CD14+ Monocytes,1,900
GGACCTCTTTTCTG-1,CD8 T cells,3,852
GGACGAGAGTGTCA-1,CD14+ Monocytes,1,460
GGACGCTGACGCAT-1,CD8 T cells,3,1100
GGACGCTGCTAGCA-1,CD4 T cells,0,824
GGACGCTGTCCTCG-1,NK cells,4,780
GGAGAGACGTGAGG-1,B cells,2,932
GGAGCAGATTCAGG-1,B cells,2,542
GGAGCCACCTTCTA-1,B cells,2,1137
GGAGCGCTACGCAT-1,CD14+ Monocytes,1,1225
GGAGCGCTCCGAAT-1,CD8 T cells,3,997
GGAGGATGCCACCT-1,CD4 T cells,0,572
GGAGGATGGTTGAC-1,CD14+ Monocytes,1,780
GGAGGATGTCAGTG-1,CD14+ Monocytes,1,765
GGAGGCCTCGTTGA-1,NK cells,4,906
GGAGGCCTTTCTTG-1,CD4 T cells,0,793
GGAGGTGATACGCA-1,CD4 T cells,0,753
GGAGGTGATCGCTC-1,CD4 T cells,0,772
GGATACTGCAGCTA-1,CD8 T cells,3,854
GGATACTGTCTAGG-1,CD4 T cells,0,936
GGATAGCTCGTCTC-1,CD4 T cells,0,1048
GGATAGCTCTGAAC-1,CD8 T cells,3,819
GGATGTACCAAAGA-1,B cells,2,645
GGATGTACGCGAAG-1,CD4 T cells,0,619
GGATGTACGTCTTT-1,CD14+ Monocytes,1,314
GGATGTACGTGTCA-1,CD4 T cells,0,726
GGATTTCTAGGTTC-1,CD4 T cells,0,737
GGATTTCTTTGTCT-1,CD14+ Monocytes,1,1162
GGCAAGGAAAAAGC-1,NK cells,4,1081
GGCAAGGAAGAAGT-1,CD4 T cells,0,868
GGCAAGGACTTGGA-1,Dendritic cells,6,1032
GGCAAGGAGGACTT-1,CD4 T cells,0,913
GGCAATACGCTAAC-1,B cells,2,476
GGCAATACGGCATT-1,CD8 T cells,3,490
GGCAATACGTTTCT-1,B cells,2,799
GGCACGTGGCTTAG-1,FCGR3A+ Monocytes,5,1201
GGCACTCTTTTGTC-1,CD4 T cells,0,997
GGCATATGCTTATC-1,NK cells,4,898
GGCATATGGGGAGT-1,Megakaryocytes,7,212
GGCATATGTGTGAC-1,CD8 T cells,3,1586
GGCCACGACAGAGG-1,CD4 T cells,0,427
GGCCAGACTGGTTG-1,CD4 T cells,0,947
GGCCCAGAAAGTAG-1,CD14+ Monocytes,1,937
GGCCGAACAACGAA-1,CD4 T cells,0,724
GGCCGAACGCAGAG-1,CD4 T cells,0,380
GGCCGAACGTAGGG-1,CD4 T cells,0,715
GGCCGAACTCTAGG-1,NK cells,4,739
GGCCGATGCAGGAG-1,CD4 T cells,0,931
GGCCGATGCCGAAT-1,CD4 T cells,0,973
GGCCGATGTACTCT-1,CD8 T cells,3,773
GGCGACACTGCCCT-1,CD8 T cells,3,1497
GGCGACTGCGTAAC-1,CD4 T cells,0,906
GGCGCATGCCTAAG-1,FCGR3A+ Monocytes,5,798
GGCGCATGCTCCAC-1,CD4 T cells,0,953
GGCGCATGTGGAAA-1,CD4 T cells,0,471
GGCGGACTAGAGGC-1,CD4 T cells,0,821
GGCGGACTAGGAGC-1,CD8 T cells,3,806
GGCGGACTCTGACA-1,CD4 T cells,0,714
GGCGGACTCTTGGA-1,CD8 T cells,3,828
GGCGGACTTACTGG-1,CD4 T cells,0,727
GGCGGACTTGAACC-1,CD4 T cells,0,773
GGCTAAACACCTGA-1,NK cells,4,976
GGCTAAACTCTTAC-1,CD4 T cells,0,856
GGCTAATGAGCACT-1,CD8 T cells,3,727
GGCTAATGGTCTAG-1,CD4 T cells,0,761
GGCTCACTACTCAG-1,CD14+ Monocytes,1,1084
GGGAACGAAGCTCA-1,FCGR3A+ Monocytes,5,1557
GGGAACGACACAAC-1,B cells,2,693
GGGAACGAGTGTCA-1,CD14+ Monocytes,1,559
GGGAAGTGTTGAGC-1,CD14+ Monocytes,1,627
GGGACCACACGTTG-1,CD8 T cells,3,795
GGGACCACAGAACA-1,CD4 T cells,0,750
GGGACCACGAATAG-1,CD4 T cells,0,838
GGGACCACGTCATG-1,CD4 T cells,0,803
GGGACCACTCAAGC-1,CD4 T cells,0,453
GGGACCACTCGTGA-1,CD4 T cells,0,734
GGGACCACTGCATG-1,CD4 T cells,0,607
GGGACCTGACCCTC-1,CD14+ Monocytes,1,1029
GGGACCTGCTTGCC-1,CD4 T cells,0,805
GGGACCTGTGGAGG-1,B cells,2,669
GGGATGGACGACAT-1,B cells,2,505
GGGATGGATACTTC-1,CD4 T cells,0,858
GGGATGGATGGTTG-1,CD14+ Monocytes,1,832
GGGATTACGTCTAG-1,CD4 T cells,0,1019
GGGCAAGATGCATG-1,CD14+ Monocytes,1,585
GGGCACACGGTGAG-1,CD4 T cells,0,1225
GGGCACACGTTGCA-1,CD4 T cells,0,1287
GGGCAGCTTGGGAG-1,CD8 T cells,3,903
GGGCAGCTTTTCTG-1,CD4 T cells,0,752
GGGCCAACCTTGGA-1,Dendritic cells,6,2020
GGGCCAACGCGTTA-1,B cells,2,774
GGGCCAACTACGCA-1,CD14+ Monocytes,1,666
GGGCCAACTCCAAG-1,B cells,2,843
GGGCCATGATGGTC-1,CD8 T cells,3,857
GGGCCATGTTGACG-1,CD4 T cells,0,887
GGGTAACTCAGCTA-1,CD4 T cells,0,1082
GGGTAACTCTAGTG-1,B cells,2,656
GGGTAACTCTGGAT-1,CD4 T cells,0,674
GGGTTAACGTGCAT-1,NK cells,4,911
GGTAAAGAGCTAAC-1,NK cells,4,734
GGTACAACTGCAAC-1,CD4 T cells,0,910
GGTACATGAAAGCA-1,B cells,2,672
GGTACATGAGCTCA-1,CD4 T cells,0,802
GGTACATGCGGTAT-1,CD4 T cells,0,539
GGTACATGGTTACG-1,CD8 T cells,3,699
GGTACATGTGGGAG-1,CD4 T cells,0,941
GGTACTGAACTCTT-1,CD14+ Monocytes,1,828
GGTAGTACACCACA-1,CD8 T cells,3,800
GGTAGTACACTAGC-1,CD14+ Monocytes,1,642
GGTAGTACCCTGTC-1,CD4 T cells,0,733
GGTAGTACGCCATA-1,CD14+ Monocytes,1,607
GGTAGTACTGTCTT-1,CD8 T cells,3,992
GGTATCGAGACAAA-1,CD14+ Monocytes,1,379
GGTATCGATGAACC-1,B cells,2,562
GGTCAAACCAAAGA-1,CD4 T cells,0,847
GGTCTAGAGAAACA-1,CD14+ Monocytes,1,787
GGTCTAGATAGCGT-1,CD14+ Monocytes,1,1461
GGTGATACCGACTA-1,B cells,2,732
GGTGATACGACTAC-1,CD14+ Monocytes,1,941
GGTGATACTGTTTC-1,CD4 T cells,0,785
GGTGGAGAAACGGG-1,NK cells,4,696
GGTGGAGAAGTAGA-1,CD4 T cells,0,795
GGTGGAGACAGATC-1,CD8 T cells,3,809
GGTGGAGATCGATG-1,CD4 T cells,0,828
GGTGGAGATCTCTA-1,CD14+ Monocytes,1,651
GGTGGAGATTACTC-1,CD8 T cells,3,882
GGTTTACTACGCAT-1,CD8 T cells,3,972
GTAACGTGACCTCC-1,CD14+ Monocytes,1,1323
GTAACGTGATCGGT-1,B cells,2,679
GTAACGTGCAGCTA-1,B cells,2,774
GTAACGTGGTTGAC-1,B cells,2,784
GTAAGCACAACGGG-1,CD4 T cells,0,766
GTAAGCACTCATTC-1,B cells,2,520
GTAAGCTGGTACCA-1,CD14+ Monocytes,1,671
GTAATAACCTTCTA-1,CD14+ Monocytes,1,796
GTAATAACGTTGTG-1,CD4 T cells,0,644
GTACCCTGACAGTC-1,FCGR3A+ Monocytes,5,1549
GTACCCTGGAGCTT-1,CD4 T cells,0,756
GTACCCTGTCCTTA-1,CD8 T cells,3,723
GTACCCTGTGAACC-1,CD4 T cells,0,788
GTACGTGAACGTTG-1,CD8 T cells,3,643
GTACTTTGTCGACA-1,CD8 T cells,3,856
GTAGACTGAGATGA-1,CD14+ Monocytes,1,825
GTAGACTGTATTCC-1,CD4 T cells,0,730
GTAGCAACAGTCGT-1,CD14+ Monocytes,1,831
GTAGCAACCATTTC-1,B cells,2,653
GTAGCAACGGTAGG-1,CD14+ Monocytes,1,429
GTAGCATGCACTCC-1,B cells,2,641
GTAGCATGTAAGCC-1,CD14+ Monocytes,1,637
GTAGCCCTGACGTT-1,CD4 T cells,0,812
GTAGCTGAAGCTAC-1,FCGR3A+ Monocytes,5,1527
GTAGCTGAATTCGG-1,CD4 T cells,0,859
GTAGGTACACGGGA-1,CD14+ Monocytes,1,972
GTAGTGACCTCATT-1,CD4 T cells,0,744
GTAGTGTGAGCGGA-1,NK cells,4,869
GTAGTGTGAGGCGA-1,CD14+ Monocytes,1,508
GTAGTGTGTGGTTG-1,CD4 T cells,0,624
GTATCACTGGTAGG-1,CD14+ Monocytes,1,923
GTATCTACAGAAGT-1,CD8 T cells,3,976
GTATCTACGACGAG-1,CD8 T cells,3,801
GTATCTACGTTACG-1,CD4 T cells,0,1014
GTATTAGAAACAGA-1,CD4 T cells,0,1429
GTATTAGAGGTCTA-1,CD4 T cells,0,586
GTATTCACACAGCT-1,CD4 T cells,0,692
GTATTCACGGGTGA-1,CD8 T cells,3,704
GTCAACGACACTGA-1,CD4 T cells,0,1176
GTCAACGAGTGTAC-1,CD14+ Monocytes,1,806
GTCAATCTACACCA-1,CD8 T cells,3,883
GTCAATCTGTAGCT-1,CD8 T cells,3,1249
GTCAATCTTGTGGT-1,CD4 T cells,0,765
GTCACCTGCCTCCA-1,CD4 T cells,0,743
GTCACCTGTCCCGT-1,CD4 T cells,0,907
GTCATACTAATCGC-1,B cells,2,666
GTCATACTGCGATT-1,CD8 T cells,3,669
GTCATACTTCGCCT-1,Megakaryocytes,7,364
GTCATACTTTACCT-1,CD8 T cells,3,794
GTCATACTTTGACG-1,CD4 T cells,0,959
GTCCAAGAAAAACG-1,CD4 T cells,0,766
GTCCACTGACCTCC-1,CD8 T cells,3,937
GTCCACTGGGTACT-1,FCGR3A+ Monocytes,5,1398
GTCCAGCTACGGGA-1,CD4 T cells,0,942
GTCCCATGTGGTGT-1,CD14+ Monocytes,1,1469
GTCGAATGAAGGCG-1,CD14+ Monocytes,1,905
GTCGACCTGAATGA-1,NK cells,4,812
GTCGACCTGTTCAG-1,CD4 T cells,0,572
GTCGCACTTGAGAA-1,B cells,2,1378
GTCTAACTGGTCTA-1,CD14+ Monocytes,1,1058
GTCTAGGAGCTTCC-1,CD14+ Monocytes,1,1215
GTGAACACACTCTT-1,CD4 T cells,0,697
GTGAACACTCAGGT-1,CD4 T cells,0,531
GTGACCCTTAAGCC-1,CD8 T cells,3,676
GTGATGACAAGTGA-1,CD4 T cells,0,1819
GTGATGACCTGAGT-1,B cells,2,503
GTGATGACGGTTTG-1,CD8 T cells,3,801
GTGATTCTCATTTC-1,CD4 T cells,0,943
GTGATTCTCTCTCG-1,CD14+ Monocytes,1,874
GTGATTCTGGTTCA-1,NK cells,4,813
GTGATTCTGTCGAT-1,CD4 T cells,0,694
GTGATTCTTAGCGT-1,B cells,2,494
GTGCCACTCAGGAG-1,CD4 T cells,0,660
GTGGATTGCACTAG-1,FCGR3A+ Monocytes,5,1467
GTGGATTGCGGAGA-1,CD4 T cells,0,976
GTGGATTGTAACGC-1,CD4 T cells,0,833
GTGTACGATCAGTG-1,CD4 T cells,0,689
GTGTAGTGGGTACT-1,CD4 T cells,0,921
GTGTATCTAGCCTA-1,B cells,2,625
GTGTATCTAGTAGA-1,CD8 T cells,3,1428
GTGTATCTGTTACG-1,B cells,2,817
GTGTCAGAAGCGTT-1,CD8 T cells,3,909
GTTAAAACCGAGAG-1,NK cells,4,956
GTTAAATGCTCGAA-1,CD4 T cells,0,765
GTTAAATGTCGACA-1,B cells,2,1207
GTTAACCTAGCTAC-1,CD4 T cells,0,829
GTTAACCTTGCTTT-1,Dendritic cells,6,1648
GTTAGGTGCACTCC-1,CD4 T cells,0,554
GTTAGGTGCCAGTA-1,CD14+ Monocytes,1,1500
GTTAGGTGCCCAAA-1,FCGR3A+ Monocytes,5,953
GTTAGGTGGAACTC-1,B cells,2,647
GTTAGTCTAAGAAC-1,CD8 T cells,3,537
GTTATAGAGGACAG-1,CD4 T cells,0,786
GTTATGCTTTCATC-1,CD4 T cells,0,814
GTTCAACTGGGACA-1,NK cells,4,761
GTTCAACTTATGCG-1,CD4 T cells,0,862
GTTGACGAGCCCTT-1,NK cells,4,838
GTTGACGATATCGG-1,NK cells,4,1102
GTTGAGTGGTCTTT-1,CD14+ Monocytes,1,1392
GTTGAGTGTGCTTT-1,CD4 T cells,0,1042
GTTGATCTGGGACA-1,CD4 T cells,0,372
GTTGATCTTTTCAC-1,CD8 T cells,3,971
GTTGGATGTTTACC-1,FCGR3A+ Monocytes,5,1364
GTTGTACTATTCCT-1,CD14+ Monocytes,1,1137
GTTGTACTTTTGGG-1,CD4 T cells,0,847
GTTTAAGACCATGA-1,CD14+ Monocytes,1,935
GTTTAAGACTGTCC-1,CD8 T cells,3,710
TAAACAACCAACCA-1,CD4 T cells,0,1070
TAAACAACGAATCC-1,B cells,2,914
TAAAGACTCAGGAG-1,CD4 T cells,0,855
TAAATCGATGAGGG-1,CD4 T cells,0,759
TAACAATGTGCCCT-1,B cells,2,654
TAACACCTTCGCTC-1,CD14+ Monocytes,1,981
TAACACCTTCGTAG-1,CD14+ Monocytes,1,1193
TAACACCTTGTTTC-1,Megakaryocytes,7,397
TAACATGACACTAG-1,B cells,2,1123
TAACCGGACTTACT-1,CD4 T cells,0,616
TAACGTCTCAACCA-1,CD14+ Monocytes,1,747
TAACGTCTCATTGG-1,CD4 T cells,0,876
TAACTAGAATTTCC-1,CD4 T cells,0,949
TAACTAGACTTAGG-1,CD4 T cells,0,965
TAACTAGATCTGGA-1,CD4 T cells,0,789
TAACTCACGAGGAC-1,CD14+ Monocytes,1,752
TAACTCACGTACAC-1,B cells,2,717
TAACTCACGTATCG-1,CD14+ Monocytes,1,1198
TAACTCACTCTACT-1,NK cells,4,952
TAAGAACTGTGTCA-1,CD14+ Monocytes,1,625
TAAGAGGACTAAGC-1,B cells,2,784
TAAGAGGACTTGTT-1,NK cells,4,914
TAAGATACGGTTCA-1,CD14+ Monocytes,1,659
TAAGATTGCGTAGT-1,CD4 T cells,0,913
TAAGATTGTTGCTT-1,CD4 T cells,0,863
TAAGCGTGAGGTTC-1,CD14+ Monocytes,1,959
TAAGCGTGGACAAA-1,CD14+ Monocytes,1,1637
TAAGCGTGGGAAAT-1,CD4 T cells,0,796
TAAGCGTGTGCTCC-1,FCGR3A+ Monocytes,5,1508
TAAGGCTGCCATGA-1,CD8 T cells,3,906
TAAGGCTGCTGCTC-1,CD4 T cells,0,714
TAAGGCTGTCTCGC-1,CD14+ Monocytes,1,1195
TAAGGGCTGCTGTA-1,CD4 T cells,0,867
TAAGGGCTTTACTC-1,CD4 T cells,0,819
TAAGTAACCGAGAG-1,B cells,2,375
TAAGTAACCTCCAC-1,B cells,2,656
TAAGTAACCTGTAG-1,CD4 T cells,0,1047
TAAGTAACTTGTCT-1,CD4 T cells,0,745
TAATGATGAGCGGA-1,CD4 T cells,0,866
TAATGCCTCATGAC-1,CD4 T cells,0,1186
TAATGCCTCGTCTC-1,NK cells,4,1669
TAATGTGAAGATGA-1,CD4 T cells,0,539
TAATGTGACTGCAA-1,CD14+ Monocytes,1,942
TAATGTGATTACTC-1,CD8 T cells,3,839
TACAAATGGGTACT-1,CD4 T cells,0,927
TACAATGAAAACAG-1,CD14+ Monocytes,1,796
TACAATGACTTAGG-1,CD4 T cells,0,734
TACAATGATGCTAG-1,CD8 T cells,3,831
TACACACTCACACA-1,CD4 T cells,0,967
TACACACTCTTACT-1,CD4 T cells,0,620
TACATAGAACGCAT-1,CD8 T cells,3,814
TACATCACACGGGA-1,CD4 T cells,0,605
TACATCACCTGTTT-1,FCGR3A+ Monocytes,5,1391
TACATCACGCTAAC-1,B cells,2,655
TACATCACTGAACC-1,FCGR3A+ Monocytes,5,1512
TACCATTGAGGTTC-1,CD4 T cells,0,625
TACCATTGCGGGAA-1,CD14+ Monocytes,1,719
TACCATTGGGGATG-1,CD14+ Monocytes,1,547
TACCATTGTGAGGG-1,CD14+ Monocytes,1,864
TACCGGCTGTTGGT-1,CD4 T cells,0,902
TACGAGTGATCTCT-1,CD4 T cells,0,853
TACGAGTGATGCTG-1,CD14+ Monocytes,1,1143
TACGAGTGCGGAGA-1,CD4 T cells,0,990
TACGAGTGGTTGGT-1,CD4 T cells,0,858
TACGATCTAGTGTC-1,CD4 T cells,0,604
TACGATCTCACTGA-1,CD14+ Monocytes,1,1291
TACGATCTTACGAC-1,CD4 T cells,0,701
TACGCAGAGAATCC-1,CD8 T cells,3,859
TACGCCACATTCCT-1,CD4 T cells,0,768
TACGCCACTCCCAC-1,FCGR3A+ Monocytes,5,1621
TACGCCACTCCGAA-1,B cells,2,715
TACGGAACGCGTTA-1,B cells,2,594
TACGGCCTGGGACA-1,NK cells,4,783
TACGTACTACGGAG-1,CD8 T cells,3,1608
TACGTACTCAGTTG-1,CD4 T cells,0,927
TACGTACTCCCGTT-1,B cells,2,740
TACGTTACAGAAGT-1,CD4 T cells,0,805
TACGTTACCAAGCT-1,CD14+ Monocytes,1,705
TACTAAGAAAGGTA-1,B cells,2,491
TACTAAGAATCACG-1,CD4 T cells,0,514
TACTAAGATGATGC-1,CD14+ Monocytes,1,768
TACTAAGATTGCGA-1,CD4 T cells,0,880
TACTACACGAGAGC-1,CD4 T cells,0,993
TACTACACTTACCT-1,CD4 T cells,0,356
TACTACTGAACCTG-1,CD14+ Monocytes,1,748
TACTACTGATGTCG-1,CD8 T cells,3,993
TACTACTGATTCTC-1,CD4 T cells,0,801
TACTACTGTATGGC-1,CD4 T cells,0,843
TACTCAACGGTCTA-1,CD14+ Monocytes,1,1194
TACTCAACTGCTAG-1,B cells,2,794
TACTCCCTCAGTTG-1,CD4 T cells,0,606
TACTCTGAATCGAC-1,NK cells,4,810
TACTCTGACGAGTT-1,CD4 T cells,0,882
TACTCTGATTGACG-1,B cells,2,682
TACTGGGATCGATG-1,CD4 T cells,0,1126
TACTGTTGAAAGCA-1,CD4 T cells,0,792
TACTGTTGAGGCGA-1,NK cells,4,829
TACTGTTGCTGAAC-1,B cells,2,1657
TACTTGACTCCTCG-1,CD8 T cells,3,786
TACTTGACTGGTGT-1,B cells,2,610
TACTTTCTTTTGGG-1,CD4 T cells,0,664
TAGAAACTAATCGC-1,CD4 T cells,0,790
TAGAAACTGCTTCC-1,CD14+ Monocytes,1,852
TAGAAACTGGGATG-1,CD8 T cells,3,678
TAGAATTGCGACAT-1,CD4 T cells,0,589
TAGAATTGTATCGG-1,CD4 T cells,0,930
TAGACGTGCTTGAG-1,CD4 T cells,0,690
TAGACGTGTCGCTC-1,CD4 T cells,0,840
TAGAGCACCTTACT-1,B cells,2,647
TAGATTGACTTGTT-1,B cells,2,622
TAGATTGAGGCATT-1,CD8 T cells,3,427
TAGCATCTCAGCTA-1,NK cells,4,856
TAGCATCTCCCTCA-1,CD4 T cells,0,522
TAGCATCTGCTGTA-1,FCGR3A+ Monocytes,5,1262
TAGCATCTGGGACA-1,CD4 T cells,0,722
TAGCATCTTGTCGA-1,CD4 T cells,0,641
TAGCCCACAAAAGC-1,CD4 T cells,0,997
TAGCCCACAGCCAT-1,CD8 T cells,3,983
TAGCCCACAGCTAC-1,NK cells,4,1099
TAGCCCACCCACAA-1,CD4 T cells,0,607
TAGCCCTGCGGAGA-1,CD8 T cells,3,704
TAGCCGCTTACGAC-1,CD4 T cells,0,947
TAGCCGCTTACTTC-1,CD8 T cells,3,886
TAGCCGCTTTCCAT-1,CD14+ Monocytes,1,1062
TAGCTACTGAATAG-1,B cells,2,659
TAGCTACTGTAGCT-1,CD4 T cells,0,995
TAGCTACTTTTGCT-1,CD8 T cells,3,492
TAGGACTGTGCTGA-1,CD4 T cells,0,754
TAGGAGCTAAGGCG-1,B cells,2,676
TAGGAGCTGAGGGT-1,CD4 T cells,0,837
TAGGAGCTTGCATG-1,B cells,2,532
TAGGCAACCGTCTC-1,B cells,2,598
TAGGCATGCTCTCG-1,Dendritic cells,6,1274
TAGGCATGGCGAGA-1,CD8 T cells,3,921
TAGGCTGATGCCTC-1,CD14+ Monocytes,1,700
TAGGGACTGAACTC-1,CD8 T cells,3,828
TAGGTCGACACTGA-1,CD4 T cells,0,828
TAGGTCGAGGATCT-1,B cells,2,543
TAGGTGACACACTG-1,CD4 T cells,0,815
TAGGTGACACGTTG-1,B cells,2,709
TAGGTGTGTTCTGT-1,CD4 T cells,0,842
TAGGTTCTGAAGGC-1,CD4 T cells,0,1200
TAGGTTCTTCTTAC-1,FCGR3A+ Monocytes,5,1126
TAGGTTCTTGCTGA-1,CD14+ Monocytes,1,1327
TAGTAAACCTCGCT-1,CD4 T cells,0,849
TAGTAAACGTCACA-1,CD4 T cells,0,1160
TAGTAATGAGATCC-1,CD4 T cells,0,707
TAGTACCTAAGAAC-1,CD14+ Monocytes,1,675
TAGTATGATCTTAC-1,B cells,2,709
TAGTATGATTCTCA-1,CD4 T cells,0,990
TAGTCTTGGCTGTA-1,CD4 T cells,0,270
TAGTCTTGGGACTT-1,CD4 T cells,0,445
TAGTCTTGTGGAAA-1,CD8 T cells,3,892
TAGTGGTGAAGTGA-1,NK cells,4,1040
TAGTTAGAACCACA-1,NK cells,4,832
TAGTTAGATGAACC-1,CD4 T cells,0,815
TATAAGACAACAGA-1,CD4 T cells,0,437
TATAAGACAGCTCA-1,FCGR3A+ Monocytes,5,1401
TATAAGTGACACCA-1,FCGR3A+ Monocytes,5,1341
TATAAGTGTATCGG-1,CD14+ Monocytes,1,480
TATAAGTGTGGTGT-1,FCGR3A+ Monocytes,5,1517
TATACAGAACCCTC-1,CD8 T cells,3,704
TATACAGAAGAACA-1,CD4 T cells,0,622
TATACAGATCCAGA-1,CD4 T cells,0,823
TATACCACCTGATG-1,B cells,2,731
TATACGCTACCAAC-1,CD4 T cells,0,781
TATAGATGGACGGA-1,CD4 T cells,0,849
TATAGATGTTCCGC-1,FCGR3A+ Monocytes,5,1209
TATCCAACCAGCTA-1,CD14+ Monocytes,1,472
TATCCAACTCTCTA-1,CD8 T cells,3,838
TATCGACTACTAGC-1,NK cells,4,643
TATCGACTCGATAC-1,CD14+ Monocytes,1,1101
TATCGTACAGATGA-1,CD8 T cells,3,879
TATCGTACATTCCT-1,CD14+ Monocytes,1,895
TATCTCGAGAGATA-1,CD4 T cells,0,408
TATCTGACAGGTTC-1,CD8 T cells,3,832
TATCTGACTGTTTC-1,CD8 T cells,3,845
TATCTTCTAAACAG-1,CD4 T cells,0,928
TATGAATGGAGGAC-1,NK cells,4,920
TATGAATGTTTGCT-1,FCGR3A+ Monocytes,5,1269
TATGCGGATAACCG-1,CD4 T cells,0,652
TATGGGTGCATCAG-1,NK cells,4,1463
TATGGGTGCTAGCA-1,B cells,2,840
TATGGTCTCTACCC-1,CD4 T cells,0,706
TATGTCACGGAACG-1,B cells,2,956
TATGTCACTAACCG-1,CD14+ Monocytes,1,1219
TATGTCACTTCTCA-1,B cells,2,612
TATGTGCTCCGATA-1,CD14+ Monocytes,1,970
TATGTGCTGGATTC-1,CD4 T cells,0,789
TATTGCTGAAGAAC-1,CD14+ Monocytes,1,382
TATTGCTGCCGTTC-1,CD4 T cells,0,533
TATTGCTGTCTGGA-1,CD4 T cells,0,627
TATTGCTGTGCACA-1,CD8 T cells,3,388
TATTTCCTATTGGC-1,CD14+ Monocytes,1,655
TATTTCCTGGAGGT-1,NK cells,4,1103
TATTTCCTGGTGTT-1,CD4 T cells,0,782
TCAACACTGTTTGG-1,NK cells,4,1231
TCAAGGACAGCGTT-1,CD4 T cells,0,617
TCAAGGACATTCTC-1,CD8 T cells,3,589
TCAAGGACGGTGTT-1,CD14+ Monocytes,1,758
TCAATCACACTCTT-1,CD8 T cells,3,882
TCAATCACAGTCGT-1,FCGR3A+ Monocytes,5,909
TCACAACTATGTGC-1,CD4 T cells,0,661
TCACAACTTTGCTT-1,CD14+ Monocytes,1,558
TCACATACACTTTC-1,CD8 T cells,3,947
TCACATACAGGGTG-1,CD4 T cells,0,491
TCACCCGAGACGGA-1,CD14+ Monocytes,1,1386
TCACCGTGCTCGCT-1,FCGR3A+ Monocytes,5,1481
TCACCTCTACGACT-1,CD8 T cells,3,823
TCACCTCTTCCAAG-1,FCGR3A+ Monocytes,5,1064
TCACGAGAGGAGGT-1,B cells,2,681
TCACTATGGGGCAA-1,CD8 T cells,3,652
TCACTATGGTTGTG-1,B cells,2,363
TCAGACGACGCTAA-1,CD4 T cells,0,824
TCAGACGACGTTAG-1,NK cells,4,933
TCAGAGACTCCAGA-1,CD4 T cells,0,611
TCAGCAGACTCCAC-1,CD4 T cells,0,886
TCAGCGCTCTAGTG-1,CD8 T cells,3,806
TCAGCGCTGGATCT-1,B cells,2,531
TCAGCGCTGGTATC-1,CD8 T cells,3,864
TCAGGATGAAGTAG-1,CD4 T cells,0,648
TCAGGATGCCTTTA-1,FCGR3A+ Monocytes,5,1142
TCAGTGGAAGATCC-1,NK cells,4,736
TCAGTTACCTACGA-1,CD14+ Monocytes,1,955
TCAGTTACTAGAAG-1,CD4 T cells,0,826
TCATCAACCCGATA-1,CD4 T cells,0,725
TCATCAACTGTTCT-1,CD14+ Monocytes,1,1174
TCATCATGCAGTTG-1,CD4 T cells,0,841
TCATCCCTTACTGG-1,CD8 T cells,3,1006
TCATTCGATACAGC-1,FCGR3A+ Monocytes,5,1418
TCCACGTGGAAACA-1,CD8 T cells,3,955
TCCACTCTACACTG-1,CD4 T cells,0,829
TCCACTCTGAGCTT-1,CD14+ Monocytes,1,1038
TCCACTCTTACTTC-1,B cells,2,632
TCCATAACAAAGTG-1,CD4 T cells,0,750
TCCATAACCGTAGT-1,B cells,2,846
TCCATAACGATGAA-1,CD4 T cells,0,1033
TCCATAACTACGCA-1,CD4 T cells,0,859
TCCATCCTCCCTAC-1,CD8 T cells,3,890
TCCCACGATCATTC-1,CD4 T cells,0,893
TCCCATCTCAAAGA-1,CD14+ Monocytes,1,1030
TCCCGAACACAGTC-1,NK cells,4,913
TCCCGAACTTCGCC-1,FCGR3A+ Monocytes,5,1385
TCCCGATGAGATCC-1,CD4 T cells,0,750
TCCCGATGCCTGAA-1,CD14+ Monocytes,1,416
TCCCTACTCAACTG-1,B cells,2,703
TCCGAAGACAATCG-1,CD14+ Monocytes,1,522
TCCGAAGACGTTAG-1,CD4 T cells,0,856
TCCGGACTGAGGTG-1,CD4 T cells,0,914
TCCGGACTGTACGT-1,CD8 T cells,3,742
TCCTAAACATCGAC-1,CD4 T cells,0,381
TCCTAAACCGAGAG-1,CD4 T cells,0,1079
TCCTAAACCGCATA-1,NK cells,4,671
TCCTAATGGTTTGG-1,CD8 T cells,3,1101
TCCTACCTGTCGTA-1,CD4 T cells,0,858
TCCTATGAAAAGCA-1,CD8 T cells,3,663
TCGAATCTCTGGTA-1,CD8 T cells,3,581
TCGACCTGCCGATA-1,FCGR3A+ Monocytes,5,845
TCGACGCTTCTATC-1,CD14+ Monocytes,1,881
TCGACGCTTTGACG-1,CD4 T cells,0,823
TCGAGAACGACAGG-1,CD4 T cells,0,835
TCGAGAACGTTAGC-1,CD4 T cells,0,1290
TCGAGCCTATCAGC-1,B cells,2,598
TCGAGCCTGCGAGA-1,CD8 T cells,3,1130
TCGAGCCTTGTGAC-1,CD4 T cells,0,793
TCGATACTATTCCT-1,CD4 T cells,0,838
TCGATACTTGCACA-1,CD4 T cells,0,765
TCGATTTGATGCCA-1,CD14+ Monocytes,1,768
TCGATTTGCACTCC-1,CD4 T cells,0,815
TCGATTTGCAGCTA-1,NK cells,4,810
TCGATTTGCCTACC-1,CD14+ Monocytes,1,912
TCGATTTGTCGTGA-1,B cells,2,818
TCGCAGCTAGATCC-1,CD8 T cells,3,790
TCGCCATGAGACTC-1,CD4 T cells,0,665
TCGCCATGTGGTCA-1,B cells,2,703
TCGGACCTAACAGA-1,CD4 T cells,0,875
TCGGACCTATAAGG-1,B cells,2,657
TCGGACCTGTACAC-1,CD4 T cells,0,1567
TCGGTAGAGTAGGG-1,CD4 T cells,0,688
TCGGTAGATCCCAC-1,B cells,2,749
TCGTAGGATCGACA-1,CD4 T cells,0,1076
TCGTTATGGACAAA-1,CD4 T cells,0,782
TCTAACACCAGTTG-1,NK cells,4,543
TCTAACACGAGCAG-1,Dendritic cells,6,1100
TCTAACTGAACCAC-1,CD4 T cells,0,841
TCTAAGCTAATGCC-1,CD4 T cells,0,809
TCTAAGCTTAGTCG-1,CD8 T cells,3,789
TCTAAGCTTCTAGG-1,FCGR3A+ Monocytes,5,1263
TCTAAGCTTGTTCT-1,CD14+ Monocytes,1,758
TCTAAGCTTTCGCC-1,B cells,2,368
TCTACAACGACTAC-1,CD14+ Monocytes,1,1022
TCTAGACTTAGAAG-1,CD14+ Monocytes,1,730
TCTAGTTGCACCAA-1,CD14+ Monocytes,1,1101
TCTATGTGAAGAGT-1,CD14+ Monocytes,1,478
TCTATGTGAGTCTG-1,CD8 T cells,3,488
TCTCAAACCTAAGC-1,B cells,2,618
TCTCTAGAATTTCC-1,CD4 T cells,0,940
TCTGATACACGTGT-1,CD4 T cells,0,771
TCTGATACTCGCCT-1,CD4 T cells,0,784
TCTTACGAACCTGA-1,CD14+ Monocytes,1,847
TCTTCAGAGCTACA-1,CD14+ Monocytes,1,1303
TCTTGATGCGGAGA-1,CD8 T cells,3,821
TGAAATTGGTGAGG-1,CD14+ Monocytes,1,1111
TGAACCGAAAACGA-1,CD4 T cells,0,752
TGAACCGACTACTT-1,FCGR3A+ Monocytes,5,1128
TGAACCGATTCGGA-1,FCGR3A+ Monocytes,5,958
TGAAGCACTCACGA-1,CD8 T cells,3,742
TGAAGCTGAACGAA-1,CD4 T cells,0,782
TGAAGCTGCATGGT-1,B cells,2,824
TGAAGCTGCGTAAC-1,CD4 T cells,0,751
TGAATAACCACTTT-1,CD4 T cells,0,872
TGAATAACTCCCAC-1,CD8 T cells,3,939
TGACACGACCTTAT-1,B cells,2,606
TGACCAGACAACCA-1,CD4 T cells,0,698
TGACCAGAGGATTC-1,CD4 T cells,0,705
TGACCGCTAAAAGC-1,CD4 T cells,0,963
TGACCGCTCTGCAA-1,CD4 T cells,0,607
TGACGATGCAAAGA-1,CD14+ Monocytes,1,621
TGACGCCTGTACCA-1,CD8 T cells,3,1650
TGACGCCTTTACTC-1,CD4 T cells,0,1093
TGACTGGAAGAGAT-1,CD14+ Monocytes,1,545
TGACTGGACCGTAA-1,CD4 T cells,0,670
TGACTGGACGCAAT-1,CD4 T cells,0,617
TGACTGGAGGACAG-1,B cells,2,723
TGACTGGATTCTCA-1,CD8 T cells,3,1194
TGACTTACACACCA-1,CD4 T cells,0,1019
TGACTTACAGTCTG-1,CD14+ Monocytes,1,1291
TGACTTTGCGCATA-1,CD4 T cells,0,758
TGACTTTGTTTGTC-1,CD4 T cells,0,855
TGAGACACAAGGTA-1,CD4 T cells,0,1549
TGAGACACTCAAGC-1,CD8 T cells,3,743
TGAGCTGAATGCTG-1,FCGR3A+ Monocytes,5,1372
TGAGCTGACTGGAT-1,CD14+ Monocytes,1,802
TGAGCTGATGCTAG-1,CD14+ Monocytes,1,337
TGAGGACTCTCATT-1,CD14+ Monocytes,1,1121
TGAGGACTTCATTC-1,CD4 T cells,0,1028
TGAGGTACGAACCT-1,FCGR3A+ Monocytes,5,1524
TGAGTCGAGTTACG-1,B cells,2,645
TGAGTGACTGAGCT-1,CD4 T cells,0,847
TGATAAACGAATCC-1,CD4 T cells,0,866
TGATAAACTCCGTC-1,NK cells,4,941
TGATAAACTTTCAC-1,CD4 T cells,0,751
TGATACCTCACTAG-1,CD14+ Monocytes,1,583
TGATACCTGTTGGT-1,CD4 T cells,0,796
TGATACCTTATGCG-1,CD4 T cells,0,793
TGATACCTTGAAGA-1,CD4 T cells,0,975
TGATATGAACCTTT-1,CD4 T cells,0,936
TGATCACTAGCATC-1,CD8 T cells,3,524
TGATCACTCTCGCT-1,CD4 T cells,0,659
TGATCACTTCTACT-1,B cells,2,607
TGATCGGACTGACA-1,FCGR3A+ Monocytes,5,1433
TGATCGGAGGAGCA-1,B cells,2,562
TGATCGGATATGCG-1,FCGR3A+ Monocytes,5,696
TGATTAGACATTGG-1,CD4 T cells,0,927
TGATTAGATGACTG-1,B cells,2,517
TGATTAGATGCTAG-1,CD4 T cells,0,719
TGATTCACTATGCG-1,CD4 T cells,0,599
TGATTCACTGTCAG-1,B cells,2,639
TGATTCTGCCGAAT-1,CD4 T cells,0,977
TGATTCTGCTCTTA-1,CD4 T cells,0,1019
TGCAAGTGAGAACA-1,CD4 T cells,0,816
TGCAAGTGGGTAGG-1,CD14+ Monocytes,1,672
TGCAATCTTCAGGT-1,B cells,2,1903
TGCACAGACGACAT-1,NK cells,4,1162
TGCCAAGAGCAGTT-1,FCGR3A+ Monocytes,5,964
TGCCAAGATCTCTA-1,CD4 T cells,0,936
TGCCACTGAACGTC-1,CD4 T cells,0,947
TGCCACTGCGATAC-1,NK cells,4,989
TGCCAGCTTGGCAT-1,CD4 T cells,0,790
TGCCCAACAGCAAA-1,CD4 T cells,0,902
TGCCCAACCGCATA-1,FCGR3A+ Monocytes,5,982
TGCCGACTCTCCCA-1,B cells,2,673
TGCGAAACAGTCAC-1,B cells,2,856
TGCGAAACGTTGCA-1,B cells,2,629
TGCGATGAACGGTT-1,CD4 T cells,0,692
TGCGATGACCTCGT-1,CD4 T cells,0,843
TGCGATGACTAGTG-1,B cells,2,940
TGCGATGACTGCTC-1,B cells,2,795
TGCGATGACTTGCC-1,B cells,2,780
TGCGATGAGTGCTA-1,CD14+ Monocytes,1,821
TGCGCACTCTTGAG-1,CD14+ Monocytes,1,471
TGCGTAGAATAAGG-1,CD14+ Monocytes,1,702
TGCGTAGACGGGAA-1,B cells,2,631
TGCGTAGATGGTCA-1,FCGR3A+ Monocytes,5,1557
TGCTAGGAAACCGT-1,CD8 T cells,3,868
TGCTAGGATAGTCG-1,CD4 T cells,0,901
TGCTATACGGTTCA-1,CD14+ Monocytes,1,798
TGCTATACTGCTGA-1,CD8 T cells,3,1020
TGCTGAGAGAGCAG-1,NK cells,4,885
TGCTGAGATTATCC-1,CD4 T cells,0,881
TGGAAAGACTCTCG-1,B cells,2,719
TGGAAAGAGCGATT-1,CD4 T cells,0,1043
TGGAAAGAGGTCAT-1,FCGR3A+ Monocytes,5,1238
TGGAAAGATATGGC-1,CD4 T cells,0,565
TGGAACACAAACAG-1,NK cells,4,776
TGGAACACGCTAAC-1,CD8 T cells,3,696
TGGAAGCTCAGATC-1,CD4 T cells,0,725
TGGACCCTACACTG-1,CD14+ Monocytes,1,365
TGGACCCTCATGGT-1,CD8 T cells,3,811
TGGACCCTGGTACT-1,CD14+ Monocytes,1,1212
TGGACTGAGTATGC-1,CD4 T cells,0,1178
TGGAGACTATCAGC-1,CD14+ Monocytes,1,1132
TGGAGACTTCAAGC-1,CD4 T cells,0,661
TGGAGACTTGACCA-1,CD8 T cells,3,831
TGGAGGGACGGAGA-1,CD14+ Monocytes,1,786
TGGAGGGAGCTATG-1,CD4 T cells,0,471
TGGATCGATAAAGG-1,CD4 T cells,0,835
TGGATGTGACCTAG-1,B cells,2,564
TGGATGTGTGAAGA-1,B cells,2,929
TGGATTCTCATACG-1,CD8 T cells,3,958
TGGCAATGCTTGTT-1,B cells,2,706
TGGCACCTTCACGA-1,CD4 T cells,0,388
TGGCACCTTCAGTG-1,CD14+ Monocytes,1,842
TGGGTATGAAGAGT-1,CD4 T cells,0,965
TGGGTATGCACAAC-1,CD4 T cells,0,1088
TGGGTATGGTACGT-1,B cells,2,511
TGGGTATGTTTGGG-1,CD14+ Monocytes,1,794
TGGTAGACATGCCA-1,CD8 T cells,3,900
TGGTAGACCCTCAC-1,NK cells,4,865
TGGTAGACCTGATG-1,CD4 T cells,0,789
TGGTAGTGCACTGA-1,CD14+ Monocytes,1,504
TGGTATCTAAACAG-1,CD4 T cells,0,701
TGGTATCTCTTCCG-1,CD4 T cells,0,817
TGGTCAGACCCAAA-1,CD4 T cells,0,796
TGGTTACTGACGTT-1,CD14+ Monocytes,1,972
TGGTTACTGTTCTT-1,CD4 T cells,0,906
TGTAACCTAGAGGC-1,CD4 T cells,0,871
TGTAACCTTGCCTC-1,CD14+ Monocytes,1,922
TGTAATGACACAAC-1,NK cells,4,724
TGTAATGAGGTAAA-1,NK cells,4,628
TGTACTTGCTCTAT-1,FCGR3A+ Monocytes,5,1479
TGTAGGTGCGAGAG-1,B cells,2,533
TGTAGGTGCTATGG-1,CD4 T cells,0,1101
TGTAGGTGCTCTAT-1,Dendritic cells,6,1913
TGTAGGTGTGCTGA-1,CD4 T cells,0,855
TGTAGTCTTCCAGA-1,CD4 T cells,0,1266
TGTAGTCTTGCACA-1,CD8 T cells,3,884
TGTATCTGTTAGGC-1,CD4 T cells,0,817
TGTATGCTCATGGT-1,B cells,2,619
TGTATGCTGTAGGG-1,CD4 T cells,0,591
TGTATGCTTTCATC-1,CD8 T cells,3,685
TGTCAGGAATACCG-1,CD4 T cells,0,887
TGTCAGGAGATGAA-1,FCGR3A+ Monocytes,5,1336
TGTCTAACCCCTTG-1,CD4 T cells,0,656
TGTGACGATTCTCA-1,CD8 T cells,3,1227
TGTGAGACTGTCAG-1,CD14+ Monocytes,1,980
TGTGAGACTTGAGC-1,CD4 T cells,0,817
TGTGAGTGACCACA-1,CD4 T cells,0,582
TGTGAGTGAGTGCT-1,CD14+ Monocytes,1,1370
TGTGAGTGGAGATA-1,CD8 T cells,3,460
TGTGATCTCTCTAT-1,B cells,2,638
TGTGATCTGACACT-1,CD4 T cells,0,471
TGTGGATGGCCAAT-1,B cells,2,650
TGTTAAGACAAAGA-1,CD14+ Monocytes,1,414
TGTTAAGATAAGGA-1,CD14+ Monocytes,1,907
TGTTACACCGCATA-1,FCGR3A+ Monocytes,5,1147
TGTTACACGACTAC-1,FCGR3A+ Monocytes,5,732
TGTTACTGGCTACA-1,CD8 T cells,3,992
TGTTACTGTAGTCG-1,CD8 T cells,3,801
TTAACCACCGTAAC-1,CD4 T cells,0,822
TTAACCACTAAGGA-1,CD8 T cells,3,529
TTAACCACTCAGAC-1,CD8 T cells,3,737
TTACACACGTGTTG-1,CD4 T cells,0,806
TTACACACTCCTAT-1,CD4 T cells,0,816
TTACCATGAATCGC-1,CD14+ Monocytes,1,889
TTACCATGGTTGAC-1,CD4 T cells,0,1305
TTACCATGTGTCTT-1,CD4 T cells,0,588
TTACCATGTTGTGG-1,B cells,2,657
TTACGACTGAGAGC-1,CD4 T cells,0,1154
TTACGACTTGACAC-1,CD14+ Monocytes,1,713
TTACGTACGTTCAG-1,Megakaryocytes,7,326
TTACTCGAAGAATG-1,CD14+ Monocytes,1,1129
TTACTCGACGCAAT-1,Dendritic cells,6,1603
TTACTCGAGGGTGA-1,CD4 T cells,0,879
TTACTCGATCTACT-1,NK cells,4,1156
TTAGAATGTGGTGT-1,CD4 T cells,0,642
TTAGAATGTGTAGC-1,CD4 T cells,0,285
TTAGACCTCCTACC-1,CD4 T cells,0,825
TTAGACCTCCTTTA-1,CD14+ Monocytes,1,823
TTAGCTACAACCGT-1,CD4 T cells,0,719
TTAGCTACTGTCCC-1,CD14+ Monocytes,1,1253
TTAGCTACTTTCGT-1,CD4 T cells,0,971
TTAGGGACGCGAAG-1,CD8 T cells,3,853
TTAGGGTGCTGGAT-1,B cells,2,916
TTAGGGTGTCCTGC-1,CD14+ Monocytes,1,1053
TTAGGTCTACTTTC-1,CD14+ Monocytes,1,515
TTAGTCACCAGTTG-1,CD4 T cells,0,1017
TTAGTCTGAAAGCA-1,B cells,2,953
TTAGTCTGCCAACA-1,NK cells,4,832
TTAGTCTGTGCACA-1,CD4 T cells,0,645
TTATCCGACTAGTG-1,B cells,2,667
TTATCCGAGAAAGT-1,FCGR3A+ Monocytes,5,1326
TTATGAGAGATAAG-1,CD4 T cells,0,547
TTATGCACGTCACA-1,B cells,2,636
TTATGGCTTATGGC-1,Dendritic cells,6,1783
TTATTCCTATGCTG-1,CD14+ Monocytes,1,1211
TTATTCCTGGACAG-1,B cells,2,788
TTATTCCTGGTACT-1,B cells,2,807
TTATTCCTTCGTGA-1,CD4 T cells,0,1104
TTCAAAGATAAAGG-1,CD8 T cells,3,884
TTCAACACAACAGA-1,CD4 T cells,0,848
TTCAACACCCCAAA-1,CD14+ Monocytes,1,788
TTCAACACGGACGA-1,FCGR3A+ Monocytes,5,1013
TTCAAGCTAAGAAC-1,CD14+ Monocytes,1,1003
TTCAAGCTAGATGA-1,CD4 T cells,0,916
TTCAAGCTGTTGAC-1,CD8 T cells,3,818
TTCAAGCTTGATGC-1,CD4 T cells,0,828
TTCAAGCTTTCGCC-1,CD4 T cells,0,882
TTCACAACCCGTTC-1,CD14+ Monocytes,1,959
TTCACAACGTCTGA-1,FCGR3A+ Monocytes,5,395
TTCAGACTACCCAA-1,CD4 T cells,0,368
TTCAGACTCTCGAA-1,CD8 T cells,3,787
TTCAGTACCGACTA-1,CD4 T cells,0,929
TTCAGTACTCAAGC-1,CD4 T cells,0,1379
TTCAGTACTCCTAT-1,CD14+ Monocytes,1,711
TTCAGTTGCCAAGT-1,CD4 T cells,0,733
TTCAGTTGTCCTTA-1,Dendritic cells,6,752
TTCAGTTGTCTAGG-1,CD4 T cells,0,464
TTCAGTTGTCTCGC-1,B cells,2,626
TTCATCGAGGTGGA-1,CD14+ Monocytes,1,735
TTCATGTGTGGTGT-1,CD4 T cells,0,946
TTCATTCTATGTCG-1,CD14+ Monocytes,1,876
TTCATTCTTCTCTA-1,CD4 T cells,0,647
TTCCAAACCTATGG-1,CD14+ Monocytes,1,536
TTCCAAACCTCCCA-1,B cells,2,954
TTCCAAACTCCCAC-1,NK cells,4,486
TTCCAAACTTGACG-1,CD8 T cells,3,712
TTCCATGACGAGAG-1,CD14+ Monocytes,1,786
TTCCATGACTGTCC-1,CD4 T cells,0,438
TTCCCACTTGAGGG-1,NK cells,4,807
TTCCCACTTGTCTT-1,CD14+ Monocytes,1,1016
TTCCTAGAAAGTGA-1,CD4 T cells,0,551
TTCCTAGACTAGTG-1,FCGR3A+ Monocytes,5,841
TTCGAGGACTCTAT-1,CD4 T cells,0,929
TTCGAGGAGGGCAA-1,CD4 T cells,0,757
TTCGAGGATAGAAG-1,FCGR3A+ Monocytes,5,971
TTCGATTGAGCATC-1,CD4 T cells,0,708
TTCGGAGAATGCCA-1,CD14+ Monocytes,1,567
TTCGGAGATGTGCA-1,CD4 T cells,0,881
TTCGTATGAAAAGC-1,CD8 T cells,3,801
TTCGTATGGATAGA-1,CD8 T cells,3,873
TTCGTATGGTCTGA-1,CD4 T cells,0,805
TTCGTATGTCCTTA-1,CD14+ Monocytes,1,1359
TTCTACGAACGTAC-1,CD4 T cells,0,866
TTCTACGAGTTGGT-1,CD4 T cells,0,945
TTCTAGTGACACGT-1,CD4 T cells,0,1068
TTCTAGTGCATGAC-1,CD14+ Monocytes,1,819
TTCTAGTGGAGAGC-1,NK cells,4,815
TTCTAGTGGTCACA-1,CD14+ Monocytes,1,1058
TTCTCAGAAGAGAT-1,CD4 T cells,0,845
TTCTCAGAAGCATC-1,B cells,2,881
TTCTCAGATGGAGG-1,CD4 T cells,0,1051
TTCTGATGGAGACG-1,NK cells,4,1179
TTCTTACTCTGGAT-1,FCGR3A+ Monocytes,5,718
TTGAACCTCCTTGC-1,B cells,2,657
TTGAATGAACTACG-1,FCGR3A+ Monocytes,5,882
TTGAATGACTTACT-1,CD4 T cells,0,709
TTGAATGATCTCAT-1,B cells,2,754
TTGACACTCTGTAG-1,CD4 T cells,0,735
TTGACACTGATAAG-1,B cells,2,603
TTGAGGACAGAACA-1,CD14+ Monocytes,1,944
TTGAGGACTACGCA-1,Dendritic cells,6,1794
TTGAGGTGGACGGA-1,CD4 T cells,0,712
TTGCATTGAGCTAC-1,CD8 T cells,3,721
TTGCATTGCTAAGC-1,CD14+ Monocytes,1,1097
TTGCATTGTGACTG-1,CD4 T cells,0,813
TTGCTAACACCAAC-1,CD8 T cells,3,788
TTGCTAACACGCTA-1,FCGR3A+ Monocytes,5,917
TTGCTAACCACTCC-1,CD4 T cells,0,656
TTGCTATGGTACGT-1,CD14+ Monocytes,1,1104
TTGCTATGGTAGGG-1,FCGR3A+ Monocytes,5,1268
TTGGAGACCAATCG-1,CD8 T cells,3,1239
TTGGAGACGCTATG-1,CD14+ Monocytes,1,862
TTGGAGACTATGGC-1,B cells,2,739
TTGGGAACTGAACC-1,CD4 T cells,0,858
TTGGTACTACTGGT-1,FCGR3A+ Monocytes,5,1066
TTGGTACTCTTAGG-1,CD4 T cells,0,752
TTGGTACTGAATCC-1,B cells,2,615
TTGGTACTGGATTC-1,B cells,2,721
TTGTACACGTTGTG-1,B cells,2,571
TTGTACACTTGCAG-1,CD4 T cells,0,861
TTGTAGCTAGCTCA-1,CD4 T cells,0,933
TTGTAGCTCTCTTA-1,B cells,2,807
TTGTCATGGACGGA-1,NK cells,4,1082
TTTAGAGATCCTCG-1,B cells,2,820
TTTAGCTGATACCG-1,CD4 T cells,0,887
TTTAGCTGGATACC-1,CD14+ Monocytes,1,850
TTTAGCTGTACTCT-1,Dendritic cells,6,1567
TTTAGGCTCCTTTA-1,CD14+ Monocytes,1,803
TTTATCCTGTTGTG-1,CD14+ Monocytes,1,1156
TTTCACGAGGTTCA-1,CD4 T cells,0,721
TTTCAGTGGAAGGC-1,CD8 T cells,3,692
TTTCAGTGTCACGA-1,B cells,2,700
TTTCAGTGTCTATC-1,CD14+ Monocytes,1,458
TTTCAGTGTGCAGT-1,B cells,2,637
TTTCCAGAGGTGAG-1,CD4 T cells,0,873
TTTCGAACACCTGA-1,Dendritic cells,6,1544
TTTCGAACTCTCAT-1,CD14+ Monocytes,1,1155
TTTCTACTGAGGCA-1,B cells,2,1227
TTTCTACTTCCTCG-1,B cells,2,622
TTTGCATGAGAGGC-1,B cells,2,454
TTTGCATGCCTCAC-1,CD4 T cells,0,724
